feature,corr_with_salary_usd,corr_with_log_salary,corr_with_salary_cap_ratio,corr_with_log_salary_cap_ratio,corr_with_salary_cap_equiv
+/-,0.33217950479828523,0.27811650190324977,0.3392657687442293,0.3385789160750151,0.3392657687442294
3P%,0.09801877600416793,0.12109598621948604,0.09823603203920588,0.09955451108851629,0.09823603203920588
3PA,0.45546817136729295,0.44389768778996314,0.4583315984148337,0.4624251601843796,0.4583315984148336
3PA_per_gp,0.3115650638534569,0.2738113594083162,0.3200713883144429,0.3212427555393623,0.320071388314443
3PA_per_min,0.16549782216428052,0.16500787633651195,0.16506018871198078,0.1660961462981966,0.16506018871198072
3PM,0.45638774873287247,0.44027980144075657,0.458941271356712,0.4627134723267004,0.4589412713567119
3PM_per_gp,0.3354293304292289,0.2956545374000695,0.3441243762096797,0.3453670301621661,0.34412437620967956
3PM_per_min,0.1941162809299036,0.19189807638201434,0.1938323910132996,0.19512037047859923,0.19383239101329958
AST,0.5873953431693507,0.51269536271017,0.5927363619407415,0.5922997187956341,0.5927363619407414
AST_TO_ratio,0.07641407431779043,0.06499828394479962,0.07306232622063091,0.072995855142462,0.07306232622063084
AST_per_gp,0.42858450959568634,0.3352684572589231,0.43662884402215923,0.434466732238804,0.43662884402215923
AST_per_min,0.38545692748848764,0.31424946381335317,0.38754436319741176,0.38496454170391764,0.3875443631974117
Age,0.3340625151370223,0.263412131684721,0.3358701004808945,0.3361426035218449,0.33587010048089455
BLK,0.2311444788079826,0.24481786215055112,0.23230902300308778,0.23593755240105163,0.23230902300308773
BLK_per_gp,0.12322736554291114,0.09856874357762384,0.12766497081955339,0.128595336827816,0.12766497081955336
BLK_per_min,-0.032094953880813154,-0.029718585422437292,-0.03376416332255071,-0.03378158488156916,-0.033764163322550715
DD2,0.45938462796066853,0.3938219922853962,0.46110177523039025,0.460379095779044,0.46110177523039003
DREB,0.5244058645840679,0.4966949354139933,0.5350616562106565,0.538213126590324,0.5350616562106563
DREB_per_gp,0.31681064900197903,0.2389768610677984,0.32929344903539887,0.32856698173096577,0.32929344903539903
DREB_per_min,0.1199807503270848,0.08030121816418671,0.12665799000746905,0.12473737601556809,0.12665799000746905
DREB_share,0.2358180859393938,0.22386383046432193,0.24886130797715394,0.24962202296037417,0.24886130797715397
FG%,0.09942747516653622,0.08326674619077903,0.09644049655624434,0.09622505885014784,0.09644049655624434
FGA,0.6923216457219972,0.6347406925651174,0.6995274235521348,0.7026240367447545,0.6995274235521346
FGA_per_gp,0.45197092317696325,0.36868208932277624,0.46341305178517794,0.4631787908880706,0.463413051785178
FGA_per_min,0.5167072483681205,0.43534718078540563,0.5218586724282909,0.5210629339997308,0.5218586724282908
FGM,0.7133897188718384,0.6460813215415521,0.7191734014553374,0.7215286636354513,0.719173401455337
FGM_per_gp,0.48724259253673446,0.3957963286978762,0.49790253654049466,0.4972667608980456,0.4979025365404946
FGM_per_min,0.5542631721895209,0.46222820148995664,0.5572688146664307,0.5559565227368112,0.5572688146664307
FP,0.7262057813725028,0.6651956846867966,0.7326206309225988,0.7353934869580026,0.7326206309225984
FT%,0.22518263673611674,0.2242904917880008,0.22796044970951468,0.22970595273681443,0.22796044970951473
FTA,0.6477171497478699,0.5431448536823391,0.6545794925974591,0.652770298171758,0.6545794925974595
FTA_per_gp,0.49610433612862853,0.3740348259923965,0.5051711627739696,0.5014515416824159,0.5051711627739698
FTA_per_min,0.47268955162383036,0.35113402490380197,0.4777329003966836,0.47342945514347423,0.4777329003966836
FTM,0.6628230910077542,0.5536981316546103,0.6695662158409649,0.6673972399918817,0.6695662158409648
FTM_per_gp,0.5201135312207344,0.3983756487912083,0.5292419581295936,0.5253184101313126,0.5292419581295935
FTM_per_min,0.5227425629806504,0.4021679889741129,0.5280688412696694,0.5239134735302279,0.5280688412696694
GP,0.18350328610487945,0.28864687555967306,0.17362402674004995,0.18093960330657965,0.17362402674005004
L,-0.008633529707695268,0.09685644535380612,-0.017528709834415585,-0.011477437393704496,-0.017528709834415554
Min,0.6416713661885801,0.6543726743966385,0.6487400667449841,0.6572369820580479,0.6487400667449835
OREB,0.16875299263424684,0.19099613596172146,0.1647265371917967,0.16883395120966713,0.16472653719179667
OREB_per_gp,0.051612147246038284,0.018947028300156318,0.04951801893034609,0.05030752881376262,0.04951801893034608
OREB_per_min,-0.12047559684783554,-0.12626984853508744,-0.1268016631842339,-0.12761400809638815,-0.12680166318423386
OREB_share,-0.23474551291083548,-0.22286722755244548,-0.24816062319200213,-0.2488373884213497,-0.24816062319200208
PF,0.3392106237728384,0.3788969506793402,0.3478832676301711,0.35604568625277727,0.3478832676301711
PF_per_gp,0.06645975580881532,0.02240778353851399,0.07437146436969813,0.07523735805618857,0.07437146436969817
PF_per_min,-0.30806812247137083,-0.325983627773515,-0.30741677872370154,-0.3104285912062346,-0.30741677872370154
PTS,0.7224647915211398,0.6475835730974709,0.7284846894909709,0.7302107438947381,0.7284846894909708
PTS_per_gp,0.5083917647885975,0.41108660908959976,0.5192325848105895,0.5181204923917389,0.5192325848105898
PTS_per_min,0.591088932982728,0.48987240427101647,0.5947695040982041,0.5929261862116909,0.594769504098204
Player_id,-0.5290256417170417,-0.49199004735754975,-0.5459268376166337,-0.5531021096616063,-0.5459268376166336
REB,0.44950500107633745,0.4359693910292804,0.4562871526127106,0.4599956289246398,0.45628715261271047
REB_per_gp,0.24985739733074586,0.18165568283167088,0.25839197372446465,0.25810914255136014,0.25839197372446465
REB_per_min,0.0276932094392155,-0.000864075008114224,0.029503595083829076,0.027877995628774185,0.02950359508382905
STL,0.45693034941733884,0.45531388297553094,0.45942226660436003,0.46418363085013936,0.45942226660435986
STL_per_gp,0.2157096962971095,0.1791510600670555,0.22058063989619675,0.22200162913001084,0.22058063989619667
STL_per_min,0.013191592209986995,0.005483150961963477,0.009855568525992665,0.009259454822491334,0.009855568525992658
TD3,0.2872088016864837,0.1994399649821147,0.29182887062313634,0.28488017380794023,0.29182887062313634
TOV,0.6233165971334185,0.5547628366371897,0.6315896741238134,0.6317660311749586,0.6315896741238133
TOV_per_gp,0.3904682129965707,0.305754096321627,0.3992482760775845,0.39732001285746055,0.39924827607758423
TOV_per_min,0.36461556249851307,0.2803118867412245,0.36969156276380777,0.36570029425146283,0.36969156276380777
TS%_calc,0.20117443826423884,0.19243351850235715,0.19730968403237312,0.19809285861874495,0.19730968403237298
W,0.2496483900947268,0.2997374690970378,0.24408634536433144,0.24865583949333692,0.24408634536433144
eFG%_calc,0.09908488176160712,0.10751096261145765,0.09376839278988894,0.09497501015742536,0.09376839278988891
log1p_3PA,0.36663320207080635,0.37896503511541885,0.3695260550007946,0.37410628195435014,0.36952605500079444
log1p_3PM,0.40443369136759877,0.40831495108917576,0.4068696563635369,0.411530667433962,0.4068696563635367
log1p_AST,0.5732538850025386,0.5345091830313956,0.5773585688031692,0.5799598665172448,0.5773585688031692
log1p_AST_per_min,0.38505763779322794,0.3152374688652477,0.38695427592419535,0.3844914498043089,0.38695427592419507
log1p_BLK,0.24736694066594975,0.2619813245810422,0.24844593137110388,0.25224502358237966,0.24844593137110388
log1p_DREB,0.5109885923101397,0.5070640992214107,0.5210077687460646,0.5260654540664004,0.5210077687460646
log1p_FGA,0.6379497674800367,0.6250227102043425,0.6447679189767136,0.65096311355542,0.6447679189767136
log1p_FGM,0.6612566027441922,0.6382983699652943,0.667051482817934,0.6726671574705575,0.6670514828179337
log1p_FTA,0.6181966178783279,0.551246318021535,0.625054109422377,0.6267632935214479,0.6250541094223772
log1p_FTM,0.6400941064916753,0.5691804973009954,0.6468669793920057,0.6483059700508711,0.6468669793920055
log1p_Min,0.5865349764823344,0.6266505635799452,0.5933604706453652,0.6030440372906994,0.5933604706453649
log1p_OREB,0.1760096951868994,0.19752210219994992,0.1717652993376472,0.17588189098043439,0.1717652993376472
log1p_PF,0.3374502285014527,0.3775047090629913,0.34570389062351264,0.35391362128810244,0.3457038906235125
log1p_PTS,0.656098602276768,0.6364806117850422,0.662162837168869,0.6679479501189884,0.6621628371688688
log1p_PTS_per_min,0.5756508170202963,0.48203960839222637,0.579259959410501,0.5780389518188062,0.5792599594105008
log1p_REB,0.44675228848309867,0.4490105823769518,0.4535435374914914,0.45856873037382573,0.4535435374914913
log1p_REB_per_min,0.027812297479828704,-0.000796292715739953,0.0297047966291108,0.028000778010742938,0.02970479662911081
log1p_STL,0.45974647322414763,0.46634705375916413,0.46220948155589425,0.4676642460382398,0.4622094815558941
log1p_TOV,0.6104870611383506,0.5659992220985763,0.6179010520566147,0.6204599652982162,0.6179010520566146
log1p_TOV_per_min,0.363853542289887,0.2800002934081801,0.368879161488305,0.3649517574479868,0.368879161488305
log_salary,0.8418655799904895,,0.8418183395536892,0.8575380510752394,0.8418183395536888
log_salary_cap_ratio,0.9902726628602133,0.8575380510752395,0.9991418730029831,,0.9991418730029831
salary_cap,0.11818257867914118,0.13269402784423687,0.029242948610859555,0.030359391822601535,0.029242948610859448
salary_cap_equiv,0.9910397641738853,0.8418183395536888,1.0,0.9991418730029831,
salary_cap_ratio,0.9910397641738856,0.8418183395536892,,0.9991418730029831,1.0
salary_usd,,0.8418655799904894,0.9910397641738856,0.9902726628602132,0.9910397641738853
season,0.1156588139441926,0.12802303032075218,0.02797491879677468,0.0289445624632131,0.027974918796774828
