player_id,player_name,team_id,year,draft_team_abbr,round,round_pick,overall_pick
1,Stephen Curry,10,2009,GSW,1,7,7
2,Bradley Beal,30,2012,WAS,1,3,3
3,Damian Lillard,25,2012,POR,1,6,6
4,Joel Embiid,23,2014,PHI,1,3,3
5,Giannis Antetokounmpo,17,2013,MIL,1,15,15
6,Luka Dončić,1,2018,ATL,1,3,3
7,Zach LaVine,18,2014,MIN,1,13,13
8,Zion Williamson,19,2019,NOP,1,1,1
9,Kevin Durant,21,2007,OKC,1,2,2
10,Kyrie Irving,6,2011,CLE,1,1,1
11,Jayson Tatum,2,2017,BOS,1,3,3
12,Donovan Mitchell,8,2017,DEN,1,13,13
13,Nikola Jokić,8,2014,DEN,2,11,41
14,Devin Booker,24,2015,PHX,1,13,13
15,Trae Young,7,2018,DAL,1,5,5
16,De'Aaron Fox,26,2017,SAC,1,5,5
17,LeBron James,6,2003,CLE,1,1,1
18,Kawhi Leonard,12,2011,IND,1,15,15
19,Karl-Anthony Towns,18,2015,MIN,1,1,1
20,Jaylen Brown,2,2016,BOS,1,3,3
21,James Harden,21,2009,OKC,1,3,3
22,Collin Sexton,6,2018,CLE,1,8,8
23,Julius Randle,14,2014,LAL,1,7,7
24,Brandon Ingram,14,2016,LAL,1,2,2
25,Shai Gilgeous-Alexander,4,2018,CHA,1,11,11
26,Nikola Vučević,23,2011,PHI,1,16,16
27,Paul George,12,2010,IND,1,10,10
28,CJ McCollum,25,2013,POR,1,10,10
29,Jerami Grant,23,2014,PHI,2,9,39
30,Russell Westbrook,21,2008,OKC,1,4,4
31,Anthony Davis,19,2012,NOP,1,1,1
32,DeMar DeRozan,28,2009,TOR,1,9,9
33,Jimmy Butler III,5,2011,CHI,1,30,30
34,Pascal Siakam,28,2016,TOR,1,27,27
35,Jamal Murray,8,2016,DEN,1,7,7
36,Malcolm Brogdon,17,2016,MIL,2,6,36
38,John Wall,30,2010,WAS,1,1,1
39,Terry Rozier,2,2015,BOS,1,16,16
40,Khris Middleton,9,2012,DET,2,9,39
41,Domantas Sabonis,21,2016,OKC,1,11,11
42,Caris LeVert,12,2016,IND,1,20,20
43,Kristaps Porziņģis,20,2015,NYK,1,4,4
44,Victor Oladipo,22,2013,ORL,1,2,2
45,Gordon Hayward,29,2010,UTA,1,9,9
47,Malik Beasley,8,2016,DEN,1,19,19
48,Tobias Harris,4,2011,CHA,1,19,19
49,Anthony Edwards,18,2020,MIN,1,1,1
50,Kemba Walker,4,2011,CHA,1,9,9
51,Ja Morant,15,2019,MEM,1,2,2
52,Michael Porter Jr.,8,2018,DEN,1,14,14
53,D'Angelo Russell,14,2015,LAL,1,2,2
54,Bam Adebayo,16,2017,MIA,1,14,14
55,Norman Powell,17,2015,MIL,2,16,46
56,Andrew Wiggins,6,2014,CLE,1,1,1
57,Jordan Clarkson,30,2014,WAS,2,16,46
58,Eric Gordon,13,2008,LAC,1,7,7
59,Jrue Holiday,23,2009,PHI,1,17,17
60,John Collins,1,2017,ATL,1,19,19
61,RJ Barrett,20,2019,NYK,1,3,3
62,Darius Garland,6,2019,CLE,1,5,5
63,Kyle Lowry,15,2006,MEM,1,24,24
64,Dillon Brooks,11,2017,HOU,2,15,45
65,Evan Fournier,8,2012,DEN,1,20,20
66,Jonas Valančiūnas,28,2011,TOR,1,5,5
67,Bojan Bogdanovic,16,2011,MIA,2,1,31
68,Tim Hardaway Jr.,20,2013,NYK,1,24,24
69,Kevin Porter Jr.,17,2019,MIL,1,30,30
70,Buddy Hield,19,2016,NOP,1,6,6
71,Chris Paul,19,2005,NOP,1,4,4
72,Khyri Thomas,23,2018,PHI,2,8,38
73,Bogdan Bogdanović,24,2014,PHX,1,27,27
74,Mike Conley,15,2007,MEM,1,4,4
75,Harrison Barnes,10,2012,GSW,1,7,7
77,OG Anunoby,28,2017,TOR,1,23,23
78,LaMelo Ball,4,2020,CHA,1,3,3
79,Dejounte Murray,27,2016,SAS,1,29,29
80,Terrence Ross,28,2012,TOR,1,8,8
81,T.J. Warren,24,2014,PHX,1,14,14
82,Kelly Oubre Jr.,1,2015,ATL,1,15,15
83,Dennis Schröder,1,2013,ATL,1,17,17
84,Derrick White,27,2017,SAS,1,29,29
85,Gary Trent Jr.,26,2018,SAC,2,7,37
86,Clint Capela,11,2014,HOU,1,25,25
87,Tyler Herro,16,2019,MIA,1,13,13
88,Coby White,5,2019,CHI,1,7,7
89,De'Andre Hunter,14,2019,LAL,1,4,4
90,Andre Drummond,9,2012,DET,1,9,9
91,Devonte' Graham,1,2018,ATL,2,4,34
92,Derrick Rose,5,2008,CHI,1,1,1
93,Lonzo Ball,14,2017,LAL,1,2,2
95,Deandre Ayton,24,2018,PHX,1,1,1
96,Jaren Jackson Jr.,15,2018,MEM,1,4,4
97,Thomas Bryant,29,2017,UTA,2,12,42
98,Rudy Gobert,8,2013,DEN,1,27,27
99,Ben Simmons,23,2016,PHI,1,1,1
100,Richaun Holmes,23,2015,PHI,2,7,37
101,Al Horford,1,2007,ATL,1,3,3
102,Marvin Bagley III,26,2018,SAC,1,2,2
103,Joe Harris,6,2014,CLE,2,3,33
105,Rui Hachimura,30,2019,WAS,1,9,9
106,Darius Bazley,29,2019,UTA,1,23,23
108,Lauri Markkanen,18,2017,MIN,1,7,7
109,Doug McDermott,8,2014,DEN,1,11,11
110,LaMarcus Aldridge,5,2006,CHI,1,2,2
111,Kelly Olynyk,7,2013,DAL,1,13,13
112,Montrezl Harrell,11,2015,HOU,2,2,32
113,Mikal Bridges,23,2018,PHI,1,10,10
114,Goran Dragic,27,2008,SAS,2,15,45
115,Marcus Morris Sr.,11,2011,HOU,1,14,14
116,Carmelo Anthony,8,2003,DEN,1,3,3
117,Josh Jackson,24,2017,PHX,1,4,4
118,Danilo Gallinari,20,2008,NYK,1,6,6
120,Marcus Smart,2,2014,BOS,1,6,6
121,Tyrese Haliburton,26,2020,SAC,1,12,12
122,Shake Milton,7,2018,DAL,2,24,54
123,Markelle Fultz,23,2017,PHI,1,1,1
124,P.J. Washington,4,2019,CHA,1,12,12
125,Cole Anthony,22,2020,ORL,1,15,15
126,Kyle Kuzma,3,2017,BKN,1,27,27
127,Jarrett Allen,3,2017,BKN,1,22,22
128,Keldon Johnson,27,2019,SAS,1,29,29
129,Miles Bridges,13,2018,LAC,1,12,12
130,Alec Burks,29,2011,UTA,1,12,12
131,Will Barton,25,2012,POR,2,10,40
132,Jalen Brunson,7,2018,DAL,2,3,33
133,Myles Turner,12,2015,IND,1,11,11
135,Kyle Anderson,27,2014,SAS,1,30,30
136,Aaron Gordon,22,2014,ORL,1,4,4
137,Brook Lopez,3,2008,BKN,1,10,10
138,Saddiq Bey,3,2020,BKN,1,19,19
139,Eric Bledsoe,21,2010,OKC,1,18,18
140,Kevin Love,15,2008,MEM,1,5,5
141,Josh Richardson,16,2015,MIA,2,10,40
142,Thaddeus Young,23,2007,PHI,1,12,12
144,Jordan Poole,10,2019,GSW,1,28,28
145,Kevin Huerter,1,2018,ATL,1,19,19
146,Malik Monk,4,2017,CHA,1,11,11
147,Hamidou Diallo,3,2018,BKN,2,15,45
148,Davis Bertans,12,2011,IND,2,12,42
149,James Wiseman,10,2020,GSW,1,2,2
150,Jusuf Nurkić,5,2014,CHI,1,16,16
151,Bobby Portis,5,2015,CHI,1,22,22
152,Immanuel Quickley,21,2020,OKC,1,25,25
153,Rudy Gay,11,2006,HOU,1,8,8
154,Lou Williams,23,2005,PHI,2,15,45
156,Cam Reddish,1,2019,ATL,1,10,10
157,Wendell Carter Jr.,5,2018,CHI,1,7,7
159,Enes Freedom,29,2011,UTA,1,3,3
161,Lonnie Walker IV,27,2018,SAS,1,18,18
162,Serge Ibaka,21,2008,OKC,1,24,24
163,Nickeil Alexander-Walker,3,2019,BKN,1,17,17
164,Jeff Green,2,2007,BOS,1,5,5
165,Blake Griffin,13,2009,LAC,1,1,1
166,Dwayne Bacon,19,2017,NOP,2,10,40
167,Reggie Bullock Jr.,13,2013,LAC,1,25,25
169,Patty Mills,25,2009,POR,2,25,55
171,Ty Jerome,23,2019,PHI,1,24,24
172,Reggie Jackson,21,2011,OKC,1,24,24
173,Grayson Allen,29,2018,UTA,1,21,21
175,Donte DiVincenzo,17,2018,MIL,1,17,17
176,Cedi Osman,18,2015,MIN,2,1,31
177,Mason Plumlee,3,2013,BKN,1,22,22
178,Brandon Clarke,21,2019,OKC,1,21,21
179,Delon Wright,28,2015,TOR,1,20,20
180,Monté Morris,8,2017,DEN,2,21,51
181,Elfrid Payton,23,2014,PHI,1,10,10
182,Theo Maledon,23,2020,PHI,2,4,34
183,Jeremy Lamb,11,2012,HOU,1,12,12
184,Jae Crowder,6,2012,CLE,2,4,34
186,Gary Harris,5,2014,CHI,1,19,19
188,Frank Jackson,4,2017,CHA,2,1,31
189,Kentavious Caldwell-Pope,9,2013,DET,1,8,8
190,Mike Muscala,7,2013,DAL,2,14,44
191,Otto Porter Jr.,30,2013,WAS,1,3,3
193,Isaac Okoro,6,2020,CLE,1,5,5
194,Wayne Ellington,18,2009,MIN,1,28,28
195,Cameron Johnson,18,2019,MIN,1,11,11
196,Eric Paschall,10,2019,GSW,2,11,41
197,Taurean Prince,29,2016,UTA,1,12,12
198,Danny Green,6,2009,CLE,2,16,46
199,Trevor Ariza,20,2004,NYK,2,14,43
200,Cody Zeller,4,2013,CHA,1,4,4
201,Larry Nance Jr.,14,2015,LAL,1,27,27
202,KJ Martin,26,2020,SAC,2,22,52
203,Landry Shamet,23,2018,PHI,1,26,26
204,Josh Hart,29,2017,UTA,1,30,30
205,Patrick Williams,5,2020,CHI,1,4,4
207,Desmond Bane,2,2020,BOS,1,30,30
208,Furkan Korkmaz,23,2016,PHI,1,26,26
209,De'Anthony Melton,11,2018,HOU,2,16,46
210,Robin Lopez,24,2008,PHX,1,15,15
211,Ivica Zubac,14,2016,LAL,2,2,32
212,Jaylen Nowell,18,2019,MIN,2,13,43
213,Talen Horton-Tucker,22,2019,ORL,2,16,46
214,Paul Millsap,29,2006,UTA,2,17,47
215,DeMarcus Cousins,26,2010,SAC,1,5,5
216,Michael Carter-Williams,23,2013,PHI,1,11,11
217,Bruce Brown,9,2018,DET,2,12,42
219,Jay Scrubb,3,2020,BKN,2,25,55
220,Dario Šarić,22,2014,ORL,1,12,12
221,Isaiah Roby,9,2019,DET,2,15,45
223,Raul Neto,1,2013,ATL,2,17,47
224,George Hill,27,2008,SAS,1,26,26
227,Jakob Poeltl,28,2016,TOR,1,9,9
228,Ricky Rubio,18,2009,MIN,1,5,5
230,Svi Mykhailiuk,14,2018,LAL,2,17,47
231,Cameron Payne,21,2015,OKC,1,14,14
232,James Ennis III,1,2013,ATL,2,20,50
234,Mitchell Robinson,20,2018,NYK,2,6,36
235,Luke Kennard,9,2017,DET,1,12,12
236,Cory Joseph,27,2011,SAS,1,29,29
237,Sterling Brown,23,2017,PHI,2,16,46
238,Aleksej Pokusevski,18,2020,MIN,1,17,17
239,Hassan Whiteside,26,2010,SAC,2,3,33
241,Nicolas Batum,11,2008,HOU,1,25,25
242,Robert Williams III,2,2018,BOS,1,27,27
243,Tyrese Maxey,23,2020,PHI,1,21,21
244,Mo Bamba,22,2018,ORL,1,6,6
246,Austin Rivers,19,2012,NOP,1,10,10
247,Isaiah Stewart,25,2020,POR,1,16,16
248,Anfernee Simons,25,2018,POR,1,24,24
249,Willy Hernangomez,23,2015,PHI,2,5,35
250,Chuma Okeke,22,2019,ORL,1,16,16
251,Payton Pritchard,2,2020,BOS,1,26,26
252,Tomas Satoransky,30,2012,WAS,2,2,32
256,D.J. Augustin,4,2008,CHA,1,9,9
257,Isaiah Thomas,26,2011,SAC,2,30,60
258,Ben McLemore,26,2013,SAC,1,7,7
259,Tristan Thompson,6,2011,CLE,1,4,4
261,Steven Adams,21,2013,OKC,1,12,12
262,Edmond Sumner,19,2017,NOP,2,22,52
263,Patrick Beverley,14,2009,LAL,2,12,42
264,Malachi Flynn,28,2020,TOR,1,29,29
265,Henry Ellenson,9,2016,DET,1,18,18
266,Jaxson Hayes,1,2019,ATL,1,8,8
267,DeAndre Jordan,13,2008,LAC,2,5,35
268,JJ Redick,22,2006,ORL,1,11,11
269,Jalen Harris,28,2020,TOR,2,29,59
270,Jalen McDaniels,4,2019,CHA,2,22,52
272,JaVale McGee,30,2008,WAS,1,18,18
273,James Johnson,5,2009,CHI,1,16,16
274,Juancho Hernangomez,8,2016,DEN,1,15,15
275,Justin Jackson,8,2018,DEN,2,13,43
276,Aaron Holiday,12,2018,IND,1,23,23
279,Tony Bradley,14,2017,LAL,1,28,28
282,Draymond Green,10,2012,GSW,2,5,35
283,Terance Mann,13,2019,LAC,2,18,48
284,Daniel Gafford,5,2019,CHI,2,8,38
285,Ignas Brazdeikis,26,2019,SAC,2,17,47
287,Dwight Howard,22,2004,ORL,1,1,1
288,Georges Niang,12,2016,IND,2,20,50
289,R.J. Hampton,17,2020,MIL,1,24,24
290,Moritz Wagner,14,2018,LAL,1,25,25
291,Justise Winslow,16,2015,MIA,1,10,10
293,Gorgui Dieng,29,2013,UTA,1,21,21
294,Pat Connaughton,3,2015,BKN,2,11,41
295,Jaden McDaniels,14,2020,LAL,1,28,28
296,Killian Hayes,9,2020,DET,1,7,7
297,Jeff Teague,1,2009,ATL,1,19,19
299,Damyean Dotson,20,2017,NYK,2,14,44
300,Dennis Smith Jr.,7,2017,DAL,1,9,9
301,Markieff Morris,24,2011,PHX,1,13,13
302,Abdel Nader,2,2016,BOS,2,28,58
303,Spencer Dinwiddie,9,2014,DET,2,8,38
304,Trey Burke,18,2013,MIN,1,9,9
305,Nic Claxton,3,2019,BKN,2,1,31
306,Xavier Tillman,26,2020,SAC,2,5,35
307,Alex Len,24,2013,PHX,1,5,5
308,Frank Kaminsky,4,2015,CHA,1,9,9
309,Denzel Valentine,5,2016,CHI,1,14,14
311,Nemanja Bjelica,30,2010,WAS,2,5,35
312,Marquese Chriss,24,2016,PHX,1,8,8
314,Avery Bradley,2,2010,BOS,1,19,19
316,Timothe Luwawu-Cabarrot,23,2016,PHI,1,24,24
317,Kira Lewis Jr.,19,2020,NOP,1,13,13
318,Deni Avdija,30,2020,WAS,1,9,9
319,Tyus Jones,6,2015,CLE,1,24,24
320,Chimezie Metu,17,2018,MIL,2,19,49
321,Frank Mason III,26,2017,SAC,2,4,34
329,Dwight Powell,4,2014,CHA,2,15,45
331,DeAndre' Bembry,1,2016,ATL,1,21,21
332,Jordan Nwora,17,2020,MIL,2,15,45
338,Saben Lee,29,2020,UTA,2,8,38
341,Jabari Parker,17,2014,MIL,1,2,2
344,Devin Vassell,27,2020,SAS,1,11,11
346,Derrick Favors,3,2010,BKN,1,3,3
347,Justin Patton,5,2017,CHI,1,16,16
349,Rajon Rondo,24,2006,PHX,1,21,21
350,Jarred Vanderbilt,22,2018,ORL,2,11,41
351,Jahlil Okafor,23,2015,PHI,1,3,3
352,Josh Okogie,18,2018,MIN,1,20,20
353,Taj Gibson,5,2009,CHI,1,26,26
354,Tony Snell,5,2013,CHI,1,20,20
355,Jarrett Culver,24,2019,PHX,1,6,6
356,Willie Cauley-Stein,26,2015,SAC,1,6,6
357,Glenn Robinson III,18,2014,MIN,2,10,40
359,Maurice Harkless,23,2012,PHI,1,15,15
360,D.J. Wilson,17,2017,MIL,1,17,17
361,Alize Johnson,12,2018,IND,2,20,50
362,Dylan Windler,6,2019,CLE,1,26,26
363,Patrick Patterson,11,2010,HOU,1,14,14
364,Goga Bitadze,12,2019,IND,1,18,18
365,Jake Layman,22,2016,ORL,2,17,47
366,Isaiah Hartenstein,11,2017,HOU,2,13,43
367,Sekou Doumbouya,9,2019,DET,1,15,15
368,Nerlens Noel,19,2013,NOP,1,6,6
369,Marc Gasol,14,2007,LAL,2,18,48
371,Bismack Biyombo,26,2011,SAC,1,7,7
372,Trey Lyles,29,2015,UTA,1,12,12
373,Precious Achiuwa,16,2020,MIA,1,20,20
375,E'Twaun Moore,2,2011,BOS,2,25,55
376,Jerome Robinson,13,2018,LAC,1,13,13
382,Aaron Nesmith,2,2020,BOS,1,14,14
383,Troy Brown Jr.,30,2018,WAS,1,15,15
385,Damian Jones,10,2016,GSW,1,30,30
386,Grant Williams,2,2019,BOS,1,22,22
387,Semi Ojeleye,2,2017,BOS,2,7,37
389,Nassir Little,25,2019,POR,1,25,25
390,Onyeka Okongwu,1,2020,ATL,1,6,6
392,Rodney Hood,29,2014,UTA,1,23,23
393,Solomon Hill,12,2013,IND,1,23,23
395,Al-Farouq Aminu,13,2010,LAC,1,8,8
396,Stanley Johnson,9,2015,DET,1,8,8
397,Andre Iguodala,23,2004,PHI,1,9,9
399,Chandler Hutchison,5,2018,CHI,1,22,22
402,Mike Scott,1,2012,ATL,2,13,43
403,Jevon Carter,15,2018,MEM,2,2,32
405,Kevon Looney,10,2015,GSW,1,30,30
407,Nico Mannion,10,2020,GSW,2,18,48
410,Obi Toppin,20,2020,NYK,1,8,8
411,Darius Miller,19,2012,NOP,2,16,46
413,Jordan Bone,19,2019,NOP,2,27,57
415,Cody Martin,4,2019,CHA,2,6,36
416,Carsen Edwards,23,2019,PHI,2,3,33
417,Matisse Thybulle,2,2019,BOS,1,20,20
419,Kevin Knox II,20,2018,NYK,1,9,9
420,Justin James,26,2019,SAC,2,10,40
421,Danté Exum,29,2014,UTA,1,5,5
422,Ersan Ilyasova,17,2005,MIL,2,6,36
423,Tremont Waters,2,2019,BOS,2,21,51
425,Skylar Mays,1,2020,ATL,2,20,50
426,Thon Maker,17,2016,MIL,1,10,10
427,Isaiah Joe,23,2020,PHI,2,19,49
428,P.J. Tucker,28,2006,TOR,2,5,35
429,Luka Samanic,27,2019,SAS,1,19,19
433,Paul Reed,23,2020,PHI,2,28,58
434,Meyers Leonard,25,2012,POR,1,11,11
436,Zeke Nnaji,8,2020,DEN,1,22,22
441,Romeo Langford,2,2019,BOS,1,14,14
445,Jahmi'us Ramsey,26,2020,SAC,2,13,43
448,Reggie Perry,13,2020,LAC,2,27,57
450,Sam Merrill,19,2020,NOP,2,30,60
452,Thanasis Antetokounmpo,20,2014,NYK,2,21,51
453,Harry Giles III,25,2017,POR,1,20,20
455,Bruno Caboclo,28,2014,TOR,1,20,20
456,Kyle Guy,20,2019,NYK,2,25,55
458,Frank Ntilikina,20,2017,NYK,1,8,8
459,Didi Louzada,1,2019,ATL,2,5,35
460,Keita Bates-Diop,18,2018,MIN,2,18,48
462,Anderson Varejao,22,2004,ORL,2,1,30
463,Josh Green,7,2020,DAL,1,18,18
464,Grant Riller,4,2020,CHA,2,26,56
465,Tre Jones,27,2020,SAS,2,11,41
467,Jordan Bell,5,2017,CHI,2,8,38
468,KZ Okpala,24,2019,PHX,2,2,32
470,Rondae Hollis-Jefferson,25,2015,POR,1,23,23
472,Mfiondu Kabengele,3,2019,BKN,1,27,27
474,Vernon Carey Jr.,4,2020,CHA,2,2,32
475,Wes Iwundu,22,2017,ORL,2,3,33
477,Quinndary Weatherspoon,27,2019,SAS,2,19,49
478,Jarrell Brantley,12,2019,IND,2,20,50
479,CJ Elleby,25,2020,POR,2,16,46
481,Bol Bol,16,2019,MIA,2,14,44
485,Ed Davis,28,2010,TOR,1,13,13
486,Vlatko Čančar,8,2017,DEN,2,19,49
487,Deividas Sirvydis,7,2019,DAL,2,7,37
489,Ray Spalding,23,2018,PHI,2,26,56
490,Jalen Smith,24,2020,PHX,1,10,10
492,Sindarius Thornwell,17,2017,MIL,2,18,48
494,Isaac Bonga,23,2018,PHI,2,9,39
495,Miye Oni,10,2019,GSW,2,28,58
496,Alen Smailagic,19,2019,NOP,2,9,39
497,Cassius Winston,21,2020,OKC,2,23,53
498,Daniel Oturu,18,2020,MIN,2,3,33
500,Elijah Hughes,19,2020,NOP,2,9,39
501,T.J. Leaf,12,2017,IND,1,18,18
505,Bruno Fernando,23,2019,PHI,2,4,34
507,Robert Woodard II,15,2020,MEM,2,10,40
508,Cassius Stanley,12,2020,IND,2,24,54
509,Rodions Kurucs,3,2018,BKN,2,10,40
513,Kris Dunn,18,2016,MIN,1,5,5
515,Andre Roberson,18,2013,MIN,1,26,26
519,Udoka Azubuike,29,2020,UTA,1,27,27
520,Iman Shumpert,20,2011,NYK,1,17,17
522,Patrick McCaw,10,2016,GSW,2,8,38
523,Tyler Bey,23,2020,PHI,2,6,36
524,Tyrell Terry,7,2020,DAL,2,1,31
525,Nick Richards,19,2020,NOP,2,12,42
526,Kostas Antetokounmpo,23,2018,PHI,2,30,60
531,Jared Dudley,4,2007,CHA,1,22,22
534,Terrance Ferguson,21,2017,OKC,1,21,21
536,Anžejs Pasečņiks,22,2017,ORL,1,25,25
539,Noah Vonleh,4,2014,CHA,1,9,9
541,Klay Thompson,10,2011,GSW,1,11,11
542,Cade Cunningham,9,2021,DET,1,1,1
543,Jalen Green,11,2021,HOU,1,2,2
544,Scottie Barnes,28,2021,TOR,1,4,4
545,Franz Wagner,22,2021,ORL,1,8,8
546,Evan Mobley,6,2021,CLE,1,3,3
547,Chris Duarte,12,2021,IND,1,13,13
549,Josh Giddey,21,2021,OKC,1,6,6
550,Jalen Suggs,22,2021,ORL,1,5,5
551,Davion Mitchell,26,2021,SAC,1,9,9
553,Melvin Frazier Jr.,22,2018,ORL,2,5,35
554,Tre Mann,21,2021,OKC,1,18,18
555,Bones Hyland,8,2021,DEN,1,26,26
558,Alperen Sengun,21,2021,OKC,1,16,16
559,Herbert Jones,19,2021,NOP,2,5,35
560,Jonathan Kuminga,10,2021,GSW,1,7,7
561,Ayo Dosunmu,5,2021,CHI,2,8,38
562,Cam Thomas,3,2021,BKN,1,27,27
563,Lance Stephenson,12,2010,IND,2,10,40
564,Aaron Wiggins,21,2021,OKC,2,25,55
565,Isaiah Jackson,14,2021,LAL,1,22,22
566,Corey Kispert,30,2021,WAS,1,15,15
567,Ziaire Williams,19,2021,NOP,1,10,10
570,Josh Christopher,11,2021,HOU,1,24,24
571,Zach Collins,26,2017,SAC,1,10,10
573,Jeremiah Robinson-Earl,20,2021,NYK,2,2,32
575,Keon Johnson,20,2021,NYK,1,21,21
578,Brandon Boston,15,2021,MEM,2,21,51
579,Georgios Kalaitzakis,12,2021,IND,2,30,60
581,Brandon Knight,9,2011,DET,1,8,8
582,Justin Anderson,7,2015,DAL,1,21,21
583,Isaiah Livers,9,2021,DET,2,12,42
586,Vít Krejčí,30,2020,WAS,2,7,37
588,Day'Ron Sharpe,24,2021,PHX,1,29,29
590,Quentin Grimes,13,2021,LAC,1,25,25
591,Kessler Edwards,3,2021,BKN,2,14,44
592,Luka Garza,9,2021,DET,2,22,52
594,Joshua Primo,27,2021,SAS,1,12,12
596,Greg Monroe,9,2010,DET,1,7,7
597,Trey Murphy III,15,2021,MEM,1,17,17
601,Greg Brown III,19,2021,NOP,2,13,43
603,James Bouknight,4,2021,CHA,1,11,11
604,Moses Moody,10,2021,GSW,1,14,14
605,Davon Reed,24,2017,PHX,2,2,32
608,Santi Aldama,29,2021,UTA,1,30,30
614,Admiral Schofield,23,2019,PHI,2,12,42
615,Jared Butler,26,2021,SAC,2,10,40
617,Sandro Mamukelashvili,12,2021,IND,2,24,54
618,Cheick Diallo,13,2016,LAC,2,3,33
621,Dalano Banton,28,2021,TOR,2,16,46
622,Charles Bassey,23,2021,PHI,2,23,53
625,Neemias Queta,26,2021,SAC,2,9,39
628,Tyrone Wallace,29,2016,UTA,2,30,60
632,Jalen Johnson,1,2021,ATL,1,20,20
635,Nik Stauskas,26,2014,SAC,1,8,8
636,Miles McBride,21,2021,OKC,2,6,36
637,Jericho Sims,20,2021,NYK,2,28,58
639,Joe Wieskamp,27,2021,SAS,2,11,41
640,JT Thor,9,2021,DET,2,7,37
644,Joe Johnson,2,2001,BOS,1,10,10
645,Usman Garuba,11,2021,HOU,1,23,23
646,Marko Simonovic,5,2020,CHI,2,14,44
648,Isaiah Todd,17,2021,MIL,2,1,31
651,Emmanuel Mudiay,8,2015,DEN,1,7,7
653,Leandro Bolmaro,20,2020,NYK,1,23,23
654,Darren Collison,19,2009,NOP,1,21,21
660,Petr Cornelie,8,2016,DEN,2,23,53
662,Kai Jones,20,2021,NYK,1,19,19
663,Jaden Springer,23,2021,PHI,1,28,28
670,Sharife Cooper,1,2021,ATL,2,18,48
671,Scottie Lewis,4,2021,CHA,2,26,56
674,George King,24,2018,PHX,2,29,59
676,Arnoldas Kulboka,4,2018,CHA,2,25,55
677,CJ Miles,29,2005,UTA,2,4,34
679,David Johnson,28,2021,TOR,2,17,47
692,Sam Dekker,11,2015,HOU,1,18,18
696,Paolo Banchero,22,2022,ORL,1,1,1
697,Bennedict Mathurin,12,2022,IND,1,6,6
698,Jaden Ivey,9,2022,DET,1,5,5
699,RaiQuan Gray,3,2021,BKN,2,29,59
700,Jalen Williams,21,2022,OKC,1,12,12
701,Jabari Smith Jr.,11,2022,HOU,1,3,3
702,Keegan Murray,26,2022,SAC,1,4,4
703,Jeremy Sochan,27,2022,SAS,1,9,9
705,Malaki Branham,27,2022,SAS,1,20,20
706,Shaedon Sharpe,25,2022,POR,1,7,7
708,Andrew Nembhard,12,2022,IND,2,1,31
709,Tari Eason,11,2022,HOU,1,17,17
710,Walker Kessler,15,2022,MEM,1,22,22
711,Jalen Duren,4,2022,CHA,1,13,13
712,Mark Williams,4,2022,CHA,1,15,15
713,AJ Griffin,1,2022,ATL,1,16,16
714,Jaden Hardy,26,2022,SAC,2,7,37
715,Ochai Agbaji,6,2022,CLE,1,14,14
717,David Roddy,23,2022,PHI,1,23,23
720,Jaylin Williams,21,2022,OKC,2,4,34
721,Johnny Davis,30,2022,WAS,1,10,10
722,Nikola Jović,16,2022,MIA,1,27,27
724,Bryce McGowens,18,2022,MIN,2,10,40
725,MarJon Beauchamp,17,2022,MIL,1,24,24
726,Jonathan Isaac,22,2017,ORL,1,6,6
728,Blake Wesley,27,2022,SAS,1,25,25
729,Ousmane Dieng,20,2022,NYK,1,11,11
731,Christian Braun,8,2022,DEN,1,21,21
732,TyTy Washington Jr.,15,2022,MEM,1,29,29
736,Patrick Baldwin Jr.,10,2022,GSW,1,28,28
738,Jabari Walker,25,2022,POR,2,27,57
739,Dyson Daniels,19,2022,NOP,1,8,8
741,Caleb Houstan,22,2022,ORL,2,2,32
745,Peyton Watson,21,2022,OKC,1,30,30
747,Christian Koloko,28,2022,TOR,2,3,33
748,Max Christie,14,2022,LAL,2,5,35
750,Josh Minott,4,2022,CHA,2,15,45
752,Jake LaRavia,18,2022,MIN,1,19,19
754,Tyler Dorsey,1,2017,ATL,2,11,41
756,Jason Preston,22,2021,ORL,2,3,33
757,Moussa Diabaté,13,2022,LAC,2,13,43
758,Isaiah Mobley,6,2022,CLE,2,19,49
762,Dalen Terry,5,2022,CHI,1,18,18
764,Kennedy Chandler,27,2022,SAS,2,8,38
767,Vince Williams Jr.,15,2022,MEM,2,17,47
768,Ryan Rollins,1,2022,ATL,2,14,44
771,JD Davison,2,2022,BOS,2,23,53
772,Kendall Brown,18,2022,MIN,2,18,48
774,Wendell Moore Jr.,7,2022,DAL,1,26,26
775,Tyrese Martin,10,2022,GSW,2,21,51
780,Trevor Keels,20,2022,NYK,2,12,42
785,Victor Wembanyama,27,2023,SAS,1,1,1
786,Brandon Miller,4,2023,CHA,1,2,2
787,Chet Holmgren,21,2022,OKC,1,2,2
788,GG Jackson,15,2023,MEM,2,15,45
789,Scoot Henderson,25,2023,POR,1,3,3
790,Keyonte George,29,2023,UTA,1,16,16
791,Cam Whitmore,11,2023,HOU,1,20,20
792,Jaime Jaquez Jr.,16,2023,MIA,1,18,18
793,Amen Thompson,11,2023,HOU,1,4,4
794,Brandin Podziemski,10,2023,GSW,1,19,19
796,Ausar Thompson,9,2023,DET,1,5,5
797,Dereck Lively II,21,2023,OKC,1,12,12
798,Gradey Dick,28,2023,TOR,1,13,13
799,Tristan Vukcevic,30,2023,WAS,2,12,42
800,Bilal Coulibaly,12,2023,IND,1,7,7
801,Marcus Sasser,15,2023,MEM,1,25,25
802,Trayce Jackson-Davis,30,2023,WAS,2,27,57
803,Jordan Hawkins,19,2023,NOP,1,14,14
804,Brice Sensabaugh,29,2023,UTA,1,28,28
805,Toumani Camara,24,2023,PHX,2,22,52
806,Taylor Hendricks,29,2023,UTA,1,9,9
807,Vasilije Micic,23,2014,PHI,2,22,52
810,Cason Wallace,7,2023,DAL,1,10,10
812,Kris Murray,25,2023,POR,1,23,23
814,Nick Smith Jr.,4,2023,CHA,1,27,27
815,Noah Clowney,3,2023,BKN,1,21,21
819,Sasha Vezenkov,3,2017,BKN,2,27,57
820,Jalen Wilson,3,2023,BKN,2,21,51
821,Kobe Bufkin,1,2023,ATL,1,15,15
822,Anthony Black,22,2023,ORL,1,6,6
823,Julian Strawther,12,2023,IND,1,29,29
825,Ben Sheppard,12,2023,IND,1,26,26
829,Mouhamed Gueye,4,2023,CHA,2,9,39
830,Rayan Rupert,25,2023,POR,2,13,43
832,Sidy Cissoko,27,2023,SAS,2,14,44
834,Jarace Walker,30,2023,WAS,1,8,8
836,Gui Santos,10,2022,GSW,2,25,55
840,Olivier-Maxence Prosper,26,2023,SAC,1,24,24
843,Emoni Bates,6,2023,CLE,2,19,49
849,Amari Bailey,4,2023,CHA,2,11,41
850,Julian Phillips,2,2023,BOS,2,5,35
851,Andre Jackson Jr.,22,2023,ORL,2,6,36
852,Colby Jones,4,2023,CHA,2,4,34
853,Kobe Brown,13,2023,LAC,1,30,30
855,Isaiah Wong,12,2023,IND,2,25,55
858,Leonard Miller,27,2023,SAS,2,3,33
859,Jordan Walsh,26,2023,SAC,2,8,38
860,Jordan Miller,13,2023,LAC,2,18,48
861,Jalen Hood-Schifino,14,2023,LAL,1,17,17
862,Jett Howard,22,2023,ORL,1,11,11
863,Jalen Pickett,12,2023,IND,2,2,32
864,Seth Lundy,1,2023,ATL,2,16,46
868,Dariq Whitehead,3,2023,BKN,1,22,22
872,Chris Livingston,17,2023,MIL,2,28,58
873,Keyontae Johnson,21,2023,OKC,2,20,50
874,Hunter Tyson,21,2023,OKC,2,7,37
875,Filip Petrusev,23,2021,PHI,2,20,50
876,Jalen Slawson,26,2023,SAC,2,24,54
878,E.J. Liddell,19,2022,NOP,2,11,41
880,Maxwell Lewis,8,2023,DEN,2,10,40
886,Jared McCain,23,2024,PHI,1,16,16
887,Stephon Castle,27,2024,SAS,1,4,4
889,Alex Sarr,30,2024,WAS,1,2,2
890,Zaccharie Risacher,1,2024,ATL,1,1,1
892,Guerschon Yabusele,2,2016,BOS,1,16,16
893,Jaylen Wells,15,2024,MEM,2,9,39
896,Bub Carrington,25,2024,POR,1,14,14
897,Kyle Filipowski,29,2024,UTA,2,2,32
898,Kel'el Ware,16,2024,MIA,1,15,15
899,Zach Edey,15,2024,MEM,1,9,9
900,Yves Missi,19,2024,NOP,1,21,21
901,Dalton Knecht,14,2024,LAL,1,17,17
902,Kyshawn George,20,2024,NYK,1,24,24
903,Isaiah Collier,29,2024,UTA,1,29,29
904,Ja'Kobe Walter,28,2024,TOR,1,19,19
905,Matas Buzelis,5,2024,CHI,1,11,11
906,Quinten Post,10,2024,GSW,2,22,52
908,KJ Simpson,4,2024,CHA,2,12,42
909,Karlo Matković,19,2022,NOP,2,22,52
910,AJ Johnson,17,2024,MIL,1,23,23
912,Tristan da Silva,22,2024,ORL,1,18,18
915,Jamal Shead,26,2024,SAC,2,15,45
918,Antonio Reeves,22,2024,ORL,2,17,47
919,Ryan Dunn,8,2024,DEN,1,28,28
921,Donovan Clingan,25,2024,POR,1,7,7
922,Ajay Mitchell,20,2024,NYK,2,8,38
923,Ronald Holland II,9,2024,DET,1,5,5
924,Jonathan Mogbo,28,2024,TOR,2,1,31
926,Tidjane Salaün,4,2024,CHA,1,6,6
927,Adem Bona,23,2024,PHI,2,11,41
931,Cody Williams,29,2024,UTA,1,10,10
932,Pelle Larsson,11,2024,HOU,2,14,44
933,Rob Dillingham,27,2024,SAS,1,8,8
934,Reed Sheppard,11,2024,HOU,1,3,3
935,Terrence Shannon Jr.,18,2024,MIN,1,27,27
936,Cam Spencer,9,2024,DET,2,23,53
937,Oso Ighodaro,25,2024,POR,2,10,40
938,Jaylen Clark,18,2023,MIN,2,23,53
939,Devin Carter,26,2024,SAC,1,13,13
942,Baylor Scheierman,2,2024,BOS,1,30,30
943,Jaylon Tyson,6,2024,CLE,1,20,20
947,Tyler Smith,17,2024,MIL,2,3,33
951,Dillon Jones,30,2024,WAS,1,26,26
953,Bronny James,14,2024,LAL,2,25,55
954,Enrique Freeman,12,2024,IND,2,20,50
955,Johnny Furphy,27,2024,SAS,2,5,35
956,Tyler Kolek,25,2024,POR,2,4,34
957,Ariel Hukporti,7,2024,DAL,2,28,58
958,Bobi Klintman,18,2024,MIN,2,7,37
964,Pacôme Dadiet,20,2024,NYK,1,25,25
970,Kevin McCullar Jr.,24,2024,PHX,2,26,56
972,Cam Christie,13,2024,LAC,2,16,46
975,Skal Labissiere,26,2016,SAC,1,28,28
978,Luke Travers,6,2022,CLE,2,26,56
980,Anton Watson,2,2024,BOS,2,24,54
982,Harrison Ingram,27,2024,SAS,2,18,48
983,Ulrich Chomche,15,2024,MEM,2,27,57
986,Tristen Newton,12,2024,IND,2,19,49
