node_id,player_id
4:14e49af8-fc14-4210-8dc9-d25f8a635f68:2785,1
4:14e49af8-fc14-4210-8dc9-d25f8a635f68:2786,2
4:14e49af8-fc14-4210-8dc9-d25f8a635f68:2787,3
4:14e49af8-fc14-4210-8dc9-d25f8a635f68:2788,4
4:14e49af8-fc14-4210-8dc9-d25f8a635f68:2789,5
4:14e49af8-fc14-4210-8dc9-d25f8a635f68:2790,6
4:14e49af8-fc14-4210-8dc9-d25f8a635f68:2791,7
4:14e49af8-fc14-4210-8dc9-d25f8a635f68:2792,8
4:14e49af8-fc14-4210-8dc9-d25f8a635f68:2793,9
4:14e49af8-fc14-4210-8dc9-d25f8a635f68:2794,10
4:14e49af8-fc14-4210-8dc9-d25f8a635f68:2795,11
4:14e49af8-fc14-4210-8dc9-d25f8a635f68:2796,12
4:14e49af8-fc14-4210-8dc9-d25f8a635f68:2797,13
4:14e49af8-fc14-4210-8dc9-d25f8a635f68:2798,14
4:14e49af8-fc14-4210-8dc9-d25f8a635f68:2799,15
4:14e49af8-fc14-4210-8dc9-d25f8a635f68:2800,16
4:14e49af8-fc14-4210-8dc9-d25f8a635f68:2801,17
4:14e49af8-fc14-4210-8dc9-d25f8a635f68:2802,18
4:14e49af8-fc14-4210-8dc9-d25f8a635f68:2803,19
4:14e49af8-fc14-4210-8dc9-d25f8a635f68:2804,20
4:14e49af8-fc14-4210-8dc9-d25f8a635f68:2805,21
4:14e49af8-fc14-4210-8dc9-d25f8a635f68:2806,22
4:14e49af8-fc14-4210-8dc9-d25f8a635f68:2807,23
4:14e49af8-fc14-4210-8dc9-d25f8a635f68:2808,24
4:14e49af8-fc14-4210-8dc9-d25f8a635f68:2809,25
4:14e49af8-fc14-4210-8dc9-d25f8a635f68:2810,26
4:14e49af8-fc14-4210-8dc9-d25f8a635f68:2811,27
4:14e49af8-fc14-4210-8dc9-d25f8a635f68:2812,28
4:14e49af8-fc14-4210-8dc9-d25f8a635f68:2813,29
4:14e49af8-fc14-4210-8dc9-d25f8a635f68:2814,30
4:14e49af8-fc14-4210-8dc9-d25f8a635f68:2815,31
4:14e49af8-fc14-4210-8dc9-d25f8a635f68:2816,32
4:14e49af8-fc14-4210-8dc9-d25f8a635f68:2817,33
4:14e49af8-fc14-4210-8dc9-d25f8a635f68:2818,34
4:14e49af8-fc14-4210-8dc9-d25f8a635f68:2819,35
4:14e49af8-fc14-4210-8dc9-d25f8a635f68:2820,36
4:14e49af8-fc14-4210-8dc9-d25f8a635f68:2821,37
4:14e49af8-fc14-4210-8dc9-d25f8a635f68:2822,38
4:14e49af8-fc14-4210-8dc9-d25f8a635f68:2823,39
4:14e49af8-fc14-4210-8dc9-d25f8a635f68:2824,40
4:14e49af8-fc14-4210-8dc9-d25f8a635f68:2825,41
4:14e49af8-fc14-4210-8dc9-d25f8a635f68:2826,42
4:14e49af8-fc14-4210-8dc9-d25f8a635f68:2827,43
4:14e49af8-fc14-4210-8dc9-d25f8a635f68:2828,44
4:14e49af8-fc14-4210-8dc9-d25f8a635f68:2829,45
4:14e49af8-fc14-4210-8dc9-d25f8a635f68:2830,46
4:14e49af8-fc14-4210-8dc9-d25f8a635f68:2831,47
4:14e49af8-fc14-4210-8dc9-d25f8a635f68:2832,48
4:14e49af8-fc14-4210-8dc9-d25f8a635f68:2833,49
4:14e49af8-fc14-4210-8dc9-d25f8a635f68:2834,50
4:14e49af8-fc14-4210-8dc9-d25f8a635f68:2835,51
4:14e49af8-fc14-4210-8dc9-d25f8a635f68:2836,52
4:14e49af8-fc14-4210-8dc9-d25f8a635f68:2837,53
4:14e49af8-fc14-4210-8dc9-d25f8a635f68:2838,54
4:14e49af8-fc14-4210-8dc9-d25f8a635f68:2839,55
4:14e49af8-fc14-4210-8dc9-d25f8a635f68:2840,56
4:14e49af8-fc14-4210-8dc9-d25f8a635f68:2841,57
4:14e49af8-fc14-4210-8dc9-d25f8a635f68:2842,58
4:14e49af8-fc14-4210-8dc9-d25f8a635f68:2843,59
4:14e49af8-fc14-4210-8dc9-d25f8a635f68:2844,60
4:14e49af8-fc14-4210-8dc9-d25f8a635f68:2845,61
4:14e49af8-fc14-4210-8dc9-d25f8a635f68:2846,62
4:14e49af8-fc14-4210-8dc9-d25f8a635f68:2847,63
4:14e49af8-fc14-4210-8dc9-d25f8a635f68:2848,64
4:14e49af8-fc14-4210-8dc9-d25f8a635f68:2849,65
4:14e49af8-fc14-4210-8dc9-d25f8a635f68:2850,66
4:14e49af8-fc14-4210-8dc9-d25f8a635f68:2851,67
4:14e49af8-fc14-4210-8dc9-d25f8a635f68:2852,68
4:14e49af8-fc14-4210-8dc9-d25f8a635f68:2853,69
4:14e49af8-fc14-4210-8dc9-d25f8a635f68:2854,70
4:14e49af8-fc14-4210-8dc9-d25f8a635f68:2855,71
4:14e49af8-fc14-4210-8dc9-d25f8a635f68:379,72
4:14e49af8-fc14-4210-8dc9-d25f8a635f68:2856,73
4:14e49af8-fc14-4210-8dc9-d25f8a635f68:2857,74
4:14e49af8-fc14-4210-8dc9-d25f8a635f68:2858,75
4:14e49af8-fc14-4210-8dc9-d25f8a635f68:486,76
4:14e49af8-fc14-4210-8dc9-d25f8a635f68:2859,77
4:14e49af8-fc14-4210-8dc9-d25f8a635f68:2860,78
4:14e49af8-fc14-4210-8dc9-d25f8a635f68:2861,79
4:14e49af8-fc14-4210-8dc9-d25f8a635f68:2862,80
4:14e49af8-fc14-4210-8dc9-d25f8a635f68:2863,81
4:14e49af8-fc14-4210-8dc9-d25f8a635f68:2864,82
4:14e49af8-fc14-4210-8dc9-d25f8a635f68:2865,83
4:14e49af8-fc14-4210-8dc9-d25f8a635f68:2866,84
4:14e49af8-fc14-4210-8dc9-d25f8a635f68:2867,85
4:14e49af8-fc14-4210-8dc9-d25f8a635f68:2868,86
4:14e49af8-fc14-4210-8dc9-d25f8a635f68:2869,87
4:14e49af8-fc14-4210-8dc9-d25f8a635f68:2870,88
4:14e49af8-fc14-4210-8dc9-d25f8a635f68:2871,89
4:14e49af8-fc14-4210-8dc9-d25f8a635f68:2872,90
4:14e49af8-fc14-4210-8dc9-d25f8a635f68:2873,91
4:14e49af8-fc14-4210-8dc9-d25f8a635f68:2874,92
4:14e49af8-fc14-4210-8dc9-d25f8a635f68:2875,93
4:14e49af8-fc14-4210-8dc9-d25f8a635f68:2876,94
4:14e49af8-fc14-4210-8dc9-d25f8a635f68:2877,95
4:14e49af8-fc14-4210-8dc9-d25f8a635f68:2878,96
4:14e49af8-fc14-4210-8dc9-d25f8a635f68:2879,97
4:14e49af8-fc14-4210-8dc9-d25f8a635f68:2880,98
4:14e49af8-fc14-4210-8dc9-d25f8a635f68:2881,99
4:14e49af8-fc14-4210-8dc9-d25f8a635f68:2882,100
4:14e49af8-fc14-4210-8dc9-d25f8a635f68:2883,101
4:14e49af8-fc14-4210-8dc9-d25f8a635f68:2884,102
4:14e49af8-fc14-4210-8dc9-d25f8a635f68:2885,103
4:14e49af8-fc14-4210-8dc9-d25f8a635f68:2886,104
4:14e49af8-fc14-4210-8dc9-d25f8a635f68:2887,105
4:14e49af8-fc14-4210-8dc9-d25f8a635f68:2888,106
4:14e49af8-fc14-4210-8dc9-d25f8a635f68:2889,107
4:14e49af8-fc14-4210-8dc9-d25f8a635f68:2890,108
4:14e49af8-fc14-4210-8dc9-d25f8a635f68:2891,109
4:14e49af8-fc14-4210-8dc9-d25f8a635f68:2892,110
4:14e49af8-fc14-4210-8dc9-d25f8a635f68:2893,111
4:14e49af8-fc14-4210-8dc9-d25f8a635f68:2894,112
4:14e49af8-fc14-4210-8dc9-d25f8a635f68:2895,113
4:14e49af8-fc14-4210-8dc9-d25f8a635f68:2896,114
4:14e49af8-fc14-4210-8dc9-d25f8a635f68:2897,115
4:14e49af8-fc14-4210-8dc9-d25f8a635f68:2898,116
4:14e49af8-fc14-4210-8dc9-d25f8a635f68:2899,117
4:14e49af8-fc14-4210-8dc9-d25f8a635f68:2900,118
4:14e49af8-fc14-4210-8dc9-d25f8a635f68:2901,119
4:14e49af8-fc14-4210-8dc9-d25f8a635f68:2902,120
4:14e49af8-fc14-4210-8dc9-d25f8a635f68:2903,121
4:14e49af8-fc14-4210-8dc9-d25f8a635f68:2904,122
4:14e49af8-fc14-4210-8dc9-d25f8a635f68:2905,123
4:14e49af8-fc14-4210-8dc9-d25f8a635f68:2906,124
4:14e49af8-fc14-4210-8dc9-d25f8a635f68:2907,125
4:14e49af8-fc14-4210-8dc9-d25f8a635f68:2908,126
4:14e49af8-fc14-4210-8dc9-d25f8a635f68:2909,127
4:14e49af8-fc14-4210-8dc9-d25f8a635f68:2910,128
4:14e49af8-fc14-4210-8dc9-d25f8a635f68:2911,129
4:14e49af8-fc14-4210-8dc9-d25f8a635f68:2912,130
4:14e49af8-fc14-4210-8dc9-d25f8a635f68:2913,131
4:14e49af8-fc14-4210-8dc9-d25f8a635f68:2914,132
4:14e49af8-fc14-4210-8dc9-d25f8a635f68:2915,133
4:14e49af8-fc14-4210-8dc9-d25f8a635f68:2916,134
4:14e49af8-fc14-4210-8dc9-d25f8a635f68:2917,135
4:14e49af8-fc14-4210-8dc9-d25f8a635f68:2918,136
4:14e49af8-fc14-4210-8dc9-d25f8a635f68:2919,137
4:14e49af8-fc14-4210-8dc9-d25f8a635f68:2920,138
4:14e49af8-fc14-4210-8dc9-d25f8a635f68:2921,139
4:14e49af8-fc14-4210-8dc9-d25f8a635f68:2922,140
4:14e49af8-fc14-4210-8dc9-d25f8a635f68:2923,141
4:14e49af8-fc14-4210-8dc9-d25f8a635f68:2924,142
4:14e49af8-fc14-4210-8dc9-d25f8a635f68:2925,143
4:14e49af8-fc14-4210-8dc9-d25f8a635f68:2926,144
4:14e49af8-fc14-4210-8dc9-d25f8a635f68:2927,145
4:14e49af8-fc14-4210-8dc9-d25f8a635f68:2928,146
4:14e49af8-fc14-4210-8dc9-d25f8a635f68:2929,147
4:14e49af8-fc14-4210-8dc9-d25f8a635f68:2930,148
4:14e49af8-fc14-4210-8dc9-d25f8a635f68:2931,149
4:14e49af8-fc14-4210-8dc9-d25f8a635f68:2932,150
4:14e49af8-fc14-4210-8dc9-d25f8a635f68:2933,151
4:14e49af8-fc14-4210-8dc9-d25f8a635f68:2934,152
4:14e49af8-fc14-4210-8dc9-d25f8a635f68:2935,153
4:14e49af8-fc14-4210-8dc9-d25f8a635f68:2936,154
4:14e49af8-fc14-4210-8dc9-d25f8a635f68:2937,155
4:14e49af8-fc14-4210-8dc9-d25f8a635f68:2938,156
4:14e49af8-fc14-4210-8dc9-d25f8a635f68:2939,157
4:14e49af8-fc14-4210-8dc9-d25f8a635f68:2940,158
4:14e49af8-fc14-4210-8dc9-d25f8a635f68:2941,159
4:14e49af8-fc14-4210-8dc9-d25f8a635f68:2942,160
4:14e49af8-fc14-4210-8dc9-d25f8a635f68:2943,161
4:14e49af8-fc14-4210-8dc9-d25f8a635f68:2944,162
4:14e49af8-fc14-4210-8dc9-d25f8a635f68:2945,163
4:14e49af8-fc14-4210-8dc9-d25f8a635f68:2946,164
4:14e49af8-fc14-4210-8dc9-d25f8a635f68:2947,165
4:14e49af8-fc14-4210-8dc9-d25f8a635f68:380,166
4:14e49af8-fc14-4210-8dc9-d25f8a635f68:2948,167
4:14e49af8-fc14-4210-8dc9-d25f8a635f68:2949,168
4:14e49af8-fc14-4210-8dc9-d25f8a635f68:2950,169
4:14e49af8-fc14-4210-8dc9-d25f8a635f68:487,170
4:14e49af8-fc14-4210-8dc9-d25f8a635f68:2951,171
4:14e49af8-fc14-4210-8dc9-d25f8a635f68:2952,172
4:14e49af8-fc14-4210-8dc9-d25f8a635f68:2953,173
4:14e49af8-fc14-4210-8dc9-d25f8a635f68:2954,174
4:14e49af8-fc14-4210-8dc9-d25f8a635f68:2955,175
4:14e49af8-fc14-4210-8dc9-d25f8a635f68:2956,176
4:14e49af8-fc14-4210-8dc9-d25f8a635f68:2957,177
4:14e49af8-fc14-4210-8dc9-d25f8a635f68:2958,178
4:14e49af8-fc14-4210-8dc9-d25f8a635f68:2959,179
4:14e49af8-fc14-4210-8dc9-d25f8a635f68:2960,180
4:14e49af8-fc14-4210-8dc9-d25f8a635f68:381,181
4:14e49af8-fc14-4210-8dc9-d25f8a635f68:2961,182
4:14e49af8-fc14-4210-8dc9-d25f8a635f68:2962,183
4:14e49af8-fc14-4210-8dc9-d25f8a635f68:2963,184
4:14e49af8-fc14-4210-8dc9-d25f8a635f68:2964,185
4:14e49af8-fc14-4210-8dc9-d25f8a635f68:2965,186
4:14e49af8-fc14-4210-8dc9-d25f8a635f68:2966,187
4:14e49af8-fc14-4210-8dc9-d25f8a635f68:2967,188
4:14e49af8-fc14-4210-8dc9-d25f8a635f68:2968,189
4:14e49af8-fc14-4210-8dc9-d25f8a635f68:2969,190
4:14e49af8-fc14-4210-8dc9-d25f8a635f68:2970,191
4:14e49af8-fc14-4210-8dc9-d25f8a635f68:2971,192
4:14e49af8-fc14-4210-8dc9-d25f8a635f68:2972,193
4:14e49af8-fc14-4210-8dc9-d25f8a635f68:2973,194
4:14e49af8-fc14-4210-8dc9-d25f8a635f68:2974,195
4:14e49af8-fc14-4210-8dc9-d25f8a635f68:2975,196
4:14e49af8-fc14-4210-8dc9-d25f8a635f68:2976,197
4:14e49af8-fc14-4210-8dc9-d25f8a635f68:2977,198
4:14e49af8-fc14-4210-8dc9-d25f8a635f68:2978,199
4:14e49af8-fc14-4210-8dc9-d25f8a635f68:2979,200
4:14e49af8-fc14-4210-8dc9-d25f8a635f68:2980,201
4:14e49af8-fc14-4210-8dc9-d25f8a635f68:2981,202
4:14e49af8-fc14-4210-8dc9-d25f8a635f68:2982,203
4:14e49af8-fc14-4210-8dc9-d25f8a635f68:2983,204
4:14e49af8-fc14-4210-8dc9-d25f8a635f68:2984,205
4:14e49af8-fc14-4210-8dc9-d25f8a635f68:2985,206
4:14e49af8-fc14-4210-8dc9-d25f8a635f68:2986,207
4:14e49af8-fc14-4210-8dc9-d25f8a635f68:2987,208
4:14e49af8-fc14-4210-8dc9-d25f8a635f68:2988,209
4:14e49af8-fc14-4210-8dc9-d25f8a635f68:2989,210
4:14e49af8-fc14-4210-8dc9-d25f8a635f68:2990,211
4:14e49af8-fc14-4210-8dc9-d25f8a635f68:2991,212
4:14e49af8-fc14-4210-8dc9-d25f8a635f68:2992,213
4:14e49af8-fc14-4210-8dc9-d25f8a635f68:2993,214
4:14e49af8-fc14-4210-8dc9-d25f8a635f68:2994,215
4:14e49af8-fc14-4210-8dc9-d25f8a635f68:2995,216
4:14e49af8-fc14-4210-8dc9-d25f8a635f68:2996,217
4:14e49af8-fc14-4210-8dc9-d25f8a635f68:2997,218
4:14e49af8-fc14-4210-8dc9-d25f8a635f68:382,219
4:14e49af8-fc14-4210-8dc9-d25f8a635f68:2998,220
4:14e49af8-fc14-4210-8dc9-d25f8a635f68:2999,221
4:14e49af8-fc14-4210-8dc9-d25f8a635f68:3000,222
4:14e49af8-fc14-4210-8dc9-d25f8a635f68:3001,223
4:14e49af8-fc14-4210-8dc9-d25f8a635f68:3002,224
4:14e49af8-fc14-4210-8dc9-d25f8a635f68:3003,225
4:14e49af8-fc14-4210-8dc9-d25f8a635f68:3004,226
4:14e49af8-fc14-4210-8dc9-d25f8a635f68:3005,227
4:14e49af8-fc14-4210-8dc9-d25f8a635f68:3006,228
4:14e49af8-fc14-4210-8dc9-d25f8a635f68:3007,229
4:14e49af8-fc14-4210-8dc9-d25f8a635f68:3008,230
4:14e49af8-fc14-4210-8dc9-d25f8a635f68:3009,231
4:14e49af8-fc14-4210-8dc9-d25f8a635f68:3010,232
4:14e49af8-fc14-4210-8dc9-d25f8a635f68:3011,233
4:14e49af8-fc14-4210-8dc9-d25f8a635f68:3012,234
4:14e49af8-fc14-4210-8dc9-d25f8a635f68:3013,235
4:14e49af8-fc14-4210-8dc9-d25f8a635f68:3014,236
4:14e49af8-fc14-4210-8dc9-d25f8a635f68:3015,237
4:14e49af8-fc14-4210-8dc9-d25f8a635f68:3016,238
4:14e49af8-fc14-4210-8dc9-d25f8a635f68:3017,239
4:14e49af8-fc14-4210-8dc9-d25f8a635f68:3018,240
4:14e49af8-fc14-4210-8dc9-d25f8a635f68:3019,241
4:14e49af8-fc14-4210-8dc9-d25f8a635f68:3020,242
4:14e49af8-fc14-4210-8dc9-d25f8a635f68:3021,243
4:14e49af8-fc14-4210-8dc9-d25f8a635f68:3022,244
4:14e49af8-fc14-4210-8dc9-d25f8a635f68:3023,245
4:14e49af8-fc14-4210-8dc9-d25f8a635f68:3024,246
4:14e49af8-fc14-4210-8dc9-d25f8a635f68:3025,247
4:14e49af8-fc14-4210-8dc9-d25f8a635f68:3026,248
4:14e49af8-fc14-4210-8dc9-d25f8a635f68:3027,249
4:14e49af8-fc14-4210-8dc9-d25f8a635f68:3028,250
4:14e49af8-fc14-4210-8dc9-d25f8a635f68:3029,251
4:14e49af8-fc14-4210-8dc9-d25f8a635f68:3030,252
4:14e49af8-fc14-4210-8dc9-d25f8a635f68:3031,253
4:14e49af8-fc14-4210-8dc9-d25f8a635f68:3032,254
4:14e49af8-fc14-4210-8dc9-d25f8a635f68:3033,255
4:14e49af8-fc14-4210-8dc9-d25f8a635f68:3034,256
4:14e49af8-fc14-4210-8dc9-d25f8a635f68:3035,257
4:14e49af8-fc14-4210-8dc9-d25f8a635f68:3036,258
4:14e49af8-fc14-4210-8dc9-d25f8a635f68:3037,259
4:14e49af8-fc14-4210-8dc9-d25f8a635f68:3038,260
4:14e49af8-fc14-4210-8dc9-d25f8a635f68:3039,261
4:14e49af8-fc14-4210-8dc9-d25f8a635f68:3040,262
4:14e49af8-fc14-4210-8dc9-d25f8a635f68:3041,263
4:14e49af8-fc14-4210-8dc9-d25f8a635f68:3042,264
4:14e49af8-fc14-4210-8dc9-d25f8a635f68:383,265
4:14e49af8-fc14-4210-8dc9-d25f8a635f68:3043,266
4:14e49af8-fc14-4210-8dc9-d25f8a635f68:3044,267
4:14e49af8-fc14-4210-8dc9-d25f8a635f68:3045,268
4:14e49af8-fc14-4210-8dc9-d25f8a635f68:384,269
4:14e49af8-fc14-4210-8dc9-d25f8a635f68:3046,270
4:14e49af8-fc14-4210-8dc9-d25f8a635f68:488,271
4:14e49af8-fc14-4210-8dc9-d25f8a635f68:3047,272
4:14e49af8-fc14-4210-8dc9-d25f8a635f68:3048,273
4:14e49af8-fc14-4210-8dc9-d25f8a635f68:3049,274
4:14e49af8-fc14-4210-8dc9-d25f8a635f68:385,275
4:14e49af8-fc14-4210-8dc9-d25f8a635f68:3050,276
4:14e49af8-fc14-4210-8dc9-d25f8a635f68:3051,277
4:14e49af8-fc14-4210-8dc9-d25f8a635f68:3052,278
4:14e49af8-fc14-4210-8dc9-d25f8a635f68:3053,279
4:14e49af8-fc14-4210-8dc9-d25f8a635f68:3054,280
4:14e49af8-fc14-4210-8dc9-d25f8a635f68:3055,281
4:14e49af8-fc14-4210-8dc9-d25f8a635f68:3056,282
4:14e49af8-fc14-4210-8dc9-d25f8a635f68:3057,283
4:14e49af8-fc14-4210-8dc9-d25f8a635f68:3058,284
4:14e49af8-fc14-4210-8dc9-d25f8a635f68:3059,285
4:14e49af8-fc14-4210-8dc9-d25f8a635f68:3060,286
4:14e49af8-fc14-4210-8dc9-d25f8a635f68:3061,287
4:14e49af8-fc14-4210-8dc9-d25f8a635f68:3062,288
4:14e49af8-fc14-4210-8dc9-d25f8a635f68:3063,289
4:14e49af8-fc14-4210-8dc9-d25f8a635f68:3064,290
4:14e49af8-fc14-4210-8dc9-d25f8a635f68:3065,291
4:14e49af8-fc14-4210-8dc9-d25f8a635f68:3066,292
4:14e49af8-fc14-4210-8dc9-d25f8a635f68:3067,293
4:14e49af8-fc14-4210-8dc9-d25f8a635f68:3068,294
4:14e49af8-fc14-4210-8dc9-d25f8a635f68:3069,295
4:14e49af8-fc14-4210-8dc9-d25f8a635f68:3070,296
4:14e49af8-fc14-4210-8dc9-d25f8a635f68:3071,297
4:14e49af8-fc14-4210-8dc9-d25f8a635f68:3072,298
4:14e49af8-fc14-4210-8dc9-d25f8a635f68:3073,299
4:14e49af8-fc14-4210-8dc9-d25f8a635f68:3074,300
4:14e49af8-fc14-4210-8dc9-d25f8a635f68:3075,301
4:14e49af8-fc14-4210-8dc9-d25f8a635f68:3076,302
4:14e49af8-fc14-4210-8dc9-d25f8a635f68:3077,303
4:14e49af8-fc14-4210-8dc9-d25f8a635f68:3078,304
4:14e49af8-fc14-4210-8dc9-d25f8a635f68:3079,305
4:14e49af8-fc14-4210-8dc9-d25f8a635f68:3080,306
4:14e49af8-fc14-4210-8dc9-d25f8a635f68:3081,307
4:14e49af8-fc14-4210-8dc9-d25f8a635f68:3082,308
4:14e49af8-fc14-4210-8dc9-d25f8a635f68:3083,309
4:14e49af8-fc14-4210-8dc9-d25f8a635f68:3084,310
4:14e49af8-fc14-4210-8dc9-d25f8a635f68:3085,311
4:14e49af8-fc14-4210-8dc9-d25f8a635f68:3086,312
4:14e49af8-fc14-4210-8dc9-d25f8a635f68:489,313
4:14e49af8-fc14-4210-8dc9-d25f8a635f68:3087,314
4:14e49af8-fc14-4210-8dc9-d25f8a635f68:3088,315
4:14e49af8-fc14-4210-8dc9-d25f8a635f68:3089,316
4:14e49af8-fc14-4210-8dc9-d25f8a635f68:3090,317
4:14e49af8-fc14-4210-8dc9-d25f8a635f68:3091,318
4:14e49af8-fc14-4210-8dc9-d25f8a635f68:3092,319
4:14e49af8-fc14-4210-8dc9-d25f8a635f68:3093,320
4:14e49af8-fc14-4210-8dc9-d25f8a635f68:386,321
4:14e49af8-fc14-4210-8dc9-d25f8a635f68:490,322
4:14e49af8-fc14-4210-8dc9-d25f8a635f68:3094,323
4:14e49af8-fc14-4210-8dc9-d25f8a635f68:491,324
4:14e49af8-fc14-4210-8dc9-d25f8a635f68:492,325
4:14e49af8-fc14-4210-8dc9-d25f8a635f68:3095,326
4:14e49af8-fc14-4210-8dc9-d25f8a635f68:493,327
4:14e49af8-fc14-4210-8dc9-d25f8a635f68:3096,328
4:14e49af8-fc14-4210-8dc9-d25f8a635f68:3097,329
4:14e49af8-fc14-4210-8dc9-d25f8a635f68:3098,330
4:14e49af8-fc14-4210-8dc9-d25f8a635f68:3099,331
4:14e49af8-fc14-4210-8dc9-d25f8a635f68:3100,332
4:14e49af8-fc14-4210-8dc9-d25f8a635f68:3101,333
4:14e49af8-fc14-4210-8dc9-d25f8a635f68:3102,334
4:14e49af8-fc14-4210-8dc9-d25f8a635f68:3103,335
4:14e49af8-fc14-4210-8dc9-d25f8a635f68:494,336
4:14e49af8-fc14-4210-8dc9-d25f8a635f68:3104,337
4:14e49af8-fc14-4210-8dc9-d25f8a635f68:3105,338
4:14e49af8-fc14-4210-8dc9-d25f8a635f68:3106,339
4:14e49af8-fc14-4210-8dc9-d25f8a635f68:495,340
4:14e49af8-fc14-4210-8dc9-d25f8a635f68:3107,341
4:14e49af8-fc14-4210-8dc9-d25f8a635f68:3108,342
4:14e49af8-fc14-4210-8dc9-d25f8a635f68:3109,343
4:14e49af8-fc14-4210-8dc9-d25f8a635f68:3110,344
4:14e49af8-fc14-4210-8dc9-d25f8a635f68:3111,345
4:14e49af8-fc14-4210-8dc9-d25f8a635f68:3112,346
4:14e49af8-fc14-4210-8dc9-d25f8a635f68:387,347
4:14e49af8-fc14-4210-8dc9-d25f8a635f68:3113,348
4:14e49af8-fc14-4210-8dc9-d25f8a635f68:3114,349
4:14e49af8-fc14-4210-8dc9-d25f8a635f68:3115,350
4:14e49af8-fc14-4210-8dc9-d25f8a635f68:3116,351
4:14e49af8-fc14-4210-8dc9-d25f8a635f68:3117,352
4:14e49af8-fc14-4210-8dc9-d25f8a635f68:3118,353
4:14e49af8-fc14-4210-8dc9-d25f8a635f68:3119,354
4:14e49af8-fc14-4210-8dc9-d25f8a635f68:3120,355
4:14e49af8-fc14-4210-8dc9-d25f8a635f68:3121,356
4:14e49af8-fc14-4210-8dc9-d25f8a635f68:3122,357
4:14e49af8-fc14-4210-8dc9-d25f8a635f68:496,358
4:14e49af8-fc14-4210-8dc9-d25f8a635f68:3123,359
4:14e49af8-fc14-4210-8dc9-d25f8a635f68:3124,360
4:14e49af8-fc14-4210-8dc9-d25f8a635f68:3125,361
4:14e49af8-fc14-4210-8dc9-d25f8a635f68:3126,362
4:14e49af8-fc14-4210-8dc9-d25f8a635f68:3127,363
4:14e49af8-fc14-4210-8dc9-d25f8a635f68:3128,364
4:14e49af8-fc14-4210-8dc9-d25f8a635f68:3129,365
4:14e49af8-fc14-4210-8dc9-d25f8a635f68:3130,366
4:14e49af8-fc14-4210-8dc9-d25f8a635f68:3131,367
4:14e49af8-fc14-4210-8dc9-d25f8a635f68:3132,368
4:14e49af8-fc14-4210-8dc9-d25f8a635f68:3133,369
4:14e49af8-fc14-4210-8dc9-d25f8a635f68:3134,370
4:14e49af8-fc14-4210-8dc9-d25f8a635f68:3135,371
4:14e49af8-fc14-4210-8dc9-d25f8a635f68:3136,372
4:14e49af8-fc14-4210-8dc9-d25f8a635f68:3137,373
4:14e49af8-fc14-4210-8dc9-d25f8a635f68:3138,374
4:14e49af8-fc14-4210-8dc9-d25f8a635f68:3139,375
4:14e49af8-fc14-4210-8dc9-d25f8a635f68:3140,376
4:14e49af8-fc14-4210-8dc9-d25f8a635f68:3141,377
4:14e49af8-fc14-4210-8dc9-d25f8a635f68:3142,378
4:14e49af8-fc14-4210-8dc9-d25f8a635f68:3143,379
4:14e49af8-fc14-4210-8dc9-d25f8a635f68:3144,380
4:14e49af8-fc14-4210-8dc9-d25f8a635f68:3145,381
4:14e49af8-fc14-4210-8dc9-d25f8a635f68:3146,382
4:14e49af8-fc14-4210-8dc9-d25f8a635f68:3147,383
4:14e49af8-fc14-4210-8dc9-d25f8a635f68:3148,384
4:14e49af8-fc14-4210-8dc9-d25f8a635f68:3149,385
4:14e49af8-fc14-4210-8dc9-d25f8a635f68:3150,386
4:14e49af8-fc14-4210-8dc9-d25f8a635f68:3151,387
4:14e49af8-fc14-4210-8dc9-d25f8a635f68:3152,388
4:14e49af8-fc14-4210-8dc9-d25f8a635f68:3153,389
4:14e49af8-fc14-4210-8dc9-d25f8a635f68:3154,390
4:14e49af8-fc14-4210-8dc9-d25f8a635f68:3155,391
4:14e49af8-fc14-4210-8dc9-d25f8a635f68:3156,392
4:14e49af8-fc14-4210-8dc9-d25f8a635f68:3157,393
4:14e49af8-fc14-4210-8dc9-d25f8a635f68:3158,394
4:14e49af8-fc14-4210-8dc9-d25f8a635f68:3159,395
4:14e49af8-fc14-4210-8dc9-d25f8a635f68:3160,396
4:14e49af8-fc14-4210-8dc9-d25f8a635f68:3161,397
4:14e49af8-fc14-4210-8dc9-d25f8a635f68:3162,398
4:14e49af8-fc14-4210-8dc9-d25f8a635f68:3163,399
4:14e49af8-fc14-4210-8dc9-d25f8a635f68:3164,400
4:14e49af8-fc14-4210-8dc9-d25f8a635f68:497,401
4:14e49af8-fc14-4210-8dc9-d25f8a635f68:3165,402
4:14e49af8-fc14-4210-8dc9-d25f8a635f68:3166,403
4:14e49af8-fc14-4210-8dc9-d25f8a635f68:3167,404
4:14e49af8-fc14-4210-8dc9-d25f8a635f68:3168,405
4:14e49af8-fc14-4210-8dc9-d25f8a635f68:3169,406
4:14e49af8-fc14-4210-8dc9-d25f8a635f68:388,407
4:14e49af8-fc14-4210-8dc9-d25f8a635f68:3170,408
4:14e49af8-fc14-4210-8dc9-d25f8a635f68:498,409
4:14e49af8-fc14-4210-8dc9-d25f8a635f68:3171,410
4:14e49af8-fc14-4210-8dc9-d25f8a635f68:3172,411
4:14e49af8-fc14-4210-8dc9-d25f8a635f68:499,412
4:14e49af8-fc14-4210-8dc9-d25f8a635f68:389,413
4:14e49af8-fc14-4210-8dc9-d25f8a635f68:500,414
4:14e49af8-fc14-4210-8dc9-d25f8a635f68:3173,415
4:14e49af8-fc14-4210-8dc9-d25f8a635f68:3174,416
4:14e49af8-fc14-4210-8dc9-d25f8a635f68:3175,417
4:14e49af8-fc14-4210-8dc9-d25f8a635f68:501,418
4:14e49af8-fc14-4210-8dc9-d25f8a635f68:3176,419
4:14e49af8-fc14-4210-8dc9-d25f8a635f68:3177,420
4:14e49af8-fc14-4210-8dc9-d25f8a635f68:3178,421
4:14e49af8-fc14-4210-8dc9-d25f8a635f68:3179,422
4:14e49af8-fc14-4210-8dc9-d25f8a635f68:390,423
4:14e49af8-fc14-4210-8dc9-d25f8a635f68:502,424
4:14e49af8-fc14-4210-8dc9-d25f8a635f68:391,425
4:14e49af8-fc14-4210-8dc9-d25f8a635f68:392,426
4:14e49af8-fc14-4210-8dc9-d25f8a635f68:3180,427
4:14e49af8-fc14-4210-8dc9-d25f8a635f68:3181,428
4:14e49af8-fc14-4210-8dc9-d25f8a635f68:3182,429
4:14e49af8-fc14-4210-8dc9-d25f8a635f68:3183,430
4:14e49af8-fc14-4210-8dc9-d25f8a635f68:3184,431
4:14e49af8-fc14-4210-8dc9-d25f8a635f68:3185,432
4:14e49af8-fc14-4210-8dc9-d25f8a635f68:3186,433
4:14e49af8-fc14-4210-8dc9-d25f8a635f68:393,434
4:14e49af8-fc14-4210-8dc9-d25f8a635f68:503,435
4:14e49af8-fc14-4210-8dc9-d25f8a635f68:3187,436
4:14e49af8-fc14-4210-8dc9-d25f8a635f68:3188,437
4:14e49af8-fc14-4210-8dc9-d25f8a635f68:3189,438
4:14e49af8-fc14-4210-8dc9-d25f8a635f68:3190,439
4:14e49af8-fc14-4210-8dc9-d25f8a635f68:3191,440
4:14e49af8-fc14-4210-8dc9-d25f8a635f68:3192,441
4:14e49af8-fc14-4210-8dc9-d25f8a635f68:3193,442
4:14e49af8-fc14-4210-8dc9-d25f8a635f68:3194,443
4:14e49af8-fc14-4210-8dc9-d25f8a635f68:3195,444
4:14e49af8-fc14-4210-8dc9-d25f8a635f68:394,445
4:14e49af8-fc14-4210-8dc9-d25f8a635f68:3196,446
4:14e49af8-fc14-4210-8dc9-d25f8a635f68:504,447
4:14e49af8-fc14-4210-8dc9-d25f8a635f68:395,448
4:14e49af8-fc14-4210-8dc9-d25f8a635f68:3197,449
4:14e49af8-fc14-4210-8dc9-d25f8a635f68:3198,450
4:14e49af8-fc14-4210-8dc9-d25f8a635f68:3199,451
4:14e49af8-fc14-4210-8dc9-d25f8a635f68:3200,452
4:14e49af8-fc14-4210-8dc9-d25f8a635f68:3201,453
4:14e49af8-fc14-4210-8dc9-d25f8a635f68:505,454
4:14e49af8-fc14-4210-8dc9-d25f8a635f68:396,455
4:14e49af8-fc14-4210-8dc9-d25f8a635f68:397,456
4:14e49af8-fc14-4210-8dc9-d25f8a635f68:3202,457
4:14e49af8-fc14-4210-8dc9-d25f8a635f68:3203,458
4:14e49af8-fc14-4210-8dc9-d25f8a635f68:398,459
4:14e49af8-fc14-4210-8dc9-d25f8a635f68:3204,460
4:14e49af8-fc14-4210-8dc9-d25f8a635f68:506,461
4:14e49af8-fc14-4210-8dc9-d25f8a635f68:399,462
4:14e49af8-fc14-4210-8dc9-d25f8a635f68:3205,463
4:14e49af8-fc14-4210-8dc9-d25f8a635f68:400,464
4:14e49af8-fc14-4210-8dc9-d25f8a635f68:3206,465
4:14e49af8-fc14-4210-8dc9-d25f8a635f68:3207,466
4:14e49af8-fc14-4210-8dc9-d25f8a635f68:401,467
4:14e49af8-fc14-4210-8dc9-d25f8a635f68:3208,468
4:14e49af8-fc14-4210-8dc9-d25f8a635f68:507,469
4:14e49af8-fc14-4210-8dc9-d25f8a635f68:3209,470
4:14e49af8-fc14-4210-8dc9-d25f8a635f68:508,471
4:14e49af8-fc14-4210-8dc9-d25f8a635f68:402,472
4:14e49af8-fc14-4210-8dc9-d25f8a635f68:509,473
4:14e49af8-fc14-4210-8dc9-d25f8a635f68:403,474
4:14e49af8-fc14-4210-8dc9-d25f8a635f68:3210,475
4:14e49af8-fc14-4210-8dc9-d25f8a635f68:510,476
4:14e49af8-fc14-4210-8dc9-d25f8a635f68:404,477
4:14e49af8-fc14-4210-8dc9-d25f8a635f68:405,478
4:14e49af8-fc14-4210-8dc9-d25f8a635f68:3211,479
4:14e49af8-fc14-4210-8dc9-d25f8a635f68:511,480
4:14e49af8-fc14-4210-8dc9-d25f8a635f68:3212,481
4:14e49af8-fc14-4210-8dc9-d25f8a635f68:3213,482
4:14e49af8-fc14-4210-8dc9-d25f8a635f68:512,483
4:14e49af8-fc14-4210-8dc9-d25f8a635f68:513,484
4:14e49af8-fc14-4210-8dc9-d25f8a635f68:3214,485
4:14e49af8-fc14-4210-8dc9-d25f8a635f68:3215,486
4:14e49af8-fc14-4210-8dc9-d25f8a635f68:406,487
4:14e49af8-fc14-4210-8dc9-d25f8a635f68:514,488
4:14e49af8-fc14-4210-8dc9-d25f8a635f68:407,489
4:14e49af8-fc14-4210-8dc9-d25f8a635f68:3216,490
4:14e49af8-fc14-4210-8dc9-d25f8a635f68:515,491
4:14e49af8-fc14-4210-8dc9-d25f8a635f68:408,492
4:14e49af8-fc14-4210-8dc9-d25f8a635f68:3217,493
4:14e49af8-fc14-4210-8dc9-d25f8a635f68:3218,494
4:14e49af8-fc14-4210-8dc9-d25f8a635f68:3219,495
4:14e49af8-fc14-4210-8dc9-d25f8a635f68:409,496
4:14e49af8-fc14-4210-8dc9-d25f8a635f68:410,497
4:14e49af8-fc14-4210-8dc9-d25f8a635f68:411,498
4:14e49af8-fc14-4210-8dc9-d25f8a635f68:516,499
4:14e49af8-fc14-4210-8dc9-d25f8a635f68:3220,500
4:14e49af8-fc14-4210-8dc9-d25f8a635f68:412,501
4:14e49af8-fc14-4210-8dc9-d25f8a635f68:517,502
4:14e49af8-fc14-4210-8dc9-d25f8a635f68:518,503
4:14e49af8-fc14-4210-8dc9-d25f8a635f68:3221,504
4:14e49af8-fc14-4210-8dc9-d25f8a635f68:3222,505
4:14e49af8-fc14-4210-8dc9-d25f8a635f68:519,506
4:14e49af8-fc14-4210-8dc9-d25f8a635f68:413,507
4:14e49af8-fc14-4210-8dc9-d25f8a635f68:414,508
4:14e49af8-fc14-4210-8dc9-d25f8a635f68:415,509
4:14e49af8-fc14-4210-8dc9-d25f8a635f68:520,510
4:14e49af8-fc14-4210-8dc9-d25f8a635f68:521,511
4:14e49af8-fc14-4210-8dc9-d25f8a635f68:522,512
4:14e49af8-fc14-4210-8dc9-d25f8a635f68:3223,513
4:14e49af8-fc14-4210-8dc9-d25f8a635f68:523,514
4:14e49af8-fc14-4210-8dc9-d25f8a635f68:416,515
4:14e49af8-fc14-4210-8dc9-d25f8a635f68:524,516
4:14e49af8-fc14-4210-8dc9-d25f8a635f68:525,517
4:14e49af8-fc14-4210-8dc9-d25f8a635f68:526,518
4:14e49af8-fc14-4210-8dc9-d25f8a635f68:3224,519
4:14e49af8-fc14-4210-8dc9-d25f8a635f68:417,520
4:14e49af8-fc14-4210-8dc9-d25f8a635f68:527,521
4:14e49af8-fc14-4210-8dc9-d25f8a635f68:418,522
4:14e49af8-fc14-4210-8dc9-d25f8a635f68:419,523
4:14e49af8-fc14-4210-8dc9-d25f8a635f68:420,524
4:14e49af8-fc14-4210-8dc9-d25f8a635f68:3225,525
4:14e49af8-fc14-4210-8dc9-d25f8a635f68:421,526
4:14e49af8-fc14-4210-8dc9-d25f8a635f68:528,527
4:14e49af8-fc14-4210-8dc9-d25f8a635f68:529,528
4:14e49af8-fc14-4210-8dc9-d25f8a635f68:530,529
4:14e49af8-fc14-4210-8dc9-d25f8a635f68:531,530
4:14e49af8-fc14-4210-8dc9-d25f8a635f68:422,531
4:14e49af8-fc14-4210-8dc9-d25f8a635f68:532,532
4:14e49af8-fc14-4210-8dc9-d25f8a635f68:533,533
4:14e49af8-fc14-4210-8dc9-d25f8a635f68:423,534
4:14e49af8-fc14-4210-8dc9-d25f8a635f68:3226,535
4:14e49af8-fc14-4210-8dc9-d25f8a635f68:424,536
4:14e49af8-fc14-4210-8dc9-d25f8a635f68:534,537
4:14e49af8-fc14-4210-8dc9-d25f8a635f68:535,538
4:14e49af8-fc14-4210-8dc9-d25f8a635f68:425,539
4:14e49af8-fc14-4210-8dc9-d25f8a635f68:536,540
4:14e49af8-fc14-4210-8dc9-d25f8a635f68:3227,541
4:14e49af8-fc14-4210-8dc9-d25f8a635f68:3228,542
4:14e49af8-fc14-4210-8dc9-d25f8a635f68:3229,543
4:14e49af8-fc14-4210-8dc9-d25f8a635f68:3230,544
4:14e49af8-fc14-4210-8dc9-d25f8a635f68:3231,545
4:14e49af8-fc14-4210-8dc9-d25f8a635f68:3232,546
4:14e49af8-fc14-4210-8dc9-d25f8a635f68:3233,547
4:14e49af8-fc14-4210-8dc9-d25f8a635f68:537,548
4:14e49af8-fc14-4210-8dc9-d25f8a635f68:3234,549
4:14e49af8-fc14-4210-8dc9-d25f8a635f68:3235,550
4:14e49af8-fc14-4210-8dc9-d25f8a635f68:3236,551
4:14e49af8-fc14-4210-8dc9-d25f8a635f68:538,552
4:14e49af8-fc14-4210-8dc9-d25f8a635f68:426,553
4:14e49af8-fc14-4210-8dc9-d25f8a635f68:3237,554
4:14e49af8-fc14-4210-8dc9-d25f8a635f68:3238,555
4:14e49af8-fc14-4210-8dc9-d25f8a635f68:3239,556
4:14e49af8-fc14-4210-8dc9-d25f8a635f68:3240,557
4:14e49af8-fc14-4210-8dc9-d25f8a635f68:3241,558
4:14e49af8-fc14-4210-8dc9-d25f8a635f68:3242,559
4:14e49af8-fc14-4210-8dc9-d25f8a635f68:3243,560
4:14e49af8-fc14-4210-8dc9-d25f8a635f68:3244,561
4:14e49af8-fc14-4210-8dc9-d25f8a635f68:3245,562
4:14e49af8-fc14-4210-8dc9-d25f8a635f68:3246,563
4:14e49af8-fc14-4210-8dc9-d25f8a635f68:3247,564
4:14e49af8-fc14-4210-8dc9-d25f8a635f68:3248,565
4:14e49af8-fc14-4210-8dc9-d25f8a635f68:3249,566
4:14e49af8-fc14-4210-8dc9-d25f8a635f68:3250,567
4:14e49af8-fc14-4210-8dc9-d25f8a635f68:539,568
4:14e49af8-fc14-4210-8dc9-d25f8a635f68:3251,569
4:14e49af8-fc14-4210-8dc9-d25f8a635f68:3252,570
4:14e49af8-fc14-4210-8dc9-d25f8a635f68:3253,571
4:14e49af8-fc14-4210-8dc9-d25f8a635f68:3254,572
4:14e49af8-fc14-4210-8dc9-d25f8a635f68:3255,573
4:14e49af8-fc14-4210-8dc9-d25f8a635f68:3256,574
4:14e49af8-fc14-4210-8dc9-d25f8a635f68:3257,575
4:14e49af8-fc14-4210-8dc9-d25f8a635f68:540,576
4:14e49af8-fc14-4210-8dc9-d25f8a635f68:541,577
4:14e49af8-fc14-4210-8dc9-d25f8a635f68:3258,578
4:14e49af8-fc14-4210-8dc9-d25f8a635f68:3259,579
4:14e49af8-fc14-4210-8dc9-d25f8a635f68:542,580
4:14e49af8-fc14-4210-8dc9-d25f8a635f68:427,581
4:14e49af8-fc14-4210-8dc9-d25f8a635f68:428,582
4:14e49af8-fc14-4210-8dc9-d25f8a635f68:3260,583
4:14e49af8-fc14-4210-8dc9-d25f8a635f68:543,584
4:14e49af8-fc14-4210-8dc9-d25f8a635f68:544,585
4:14e49af8-fc14-4210-8dc9-d25f8a635f68:3261,586
4:14e49af8-fc14-4210-8dc9-d25f8a635f68:545,587
4:14e49af8-fc14-4210-8dc9-d25f8a635f68:3262,588
4:14e49af8-fc14-4210-8dc9-d25f8a635f68:3263,589
4:14e49af8-fc14-4210-8dc9-d25f8a635f68:3264,590
4:14e49af8-fc14-4210-8dc9-d25f8a635f68:3265,591
4:14e49af8-fc14-4210-8dc9-d25f8a635f68:3266,592
4:14e49af8-fc14-4210-8dc9-d25f8a635f68:546,593
4:14e49af8-fc14-4210-8dc9-d25f8a635f68:3267,594
4:14e49af8-fc14-4210-8dc9-d25f8a635f68:3268,595
4:14e49af8-fc14-4210-8dc9-d25f8a635f68:429,596
4:14e49af8-fc14-4210-8dc9-d25f8a635f68:3269,597
4:14e49af8-fc14-4210-8dc9-d25f8a635f68:3270,598
4:14e49af8-fc14-4210-8dc9-d25f8a635f68:3271,599
4:14e49af8-fc14-4210-8dc9-d25f8a635f68:3272,600
4:14e49af8-fc14-4210-8dc9-d25f8a635f68:3273,601
4:14e49af8-fc14-4210-8dc9-d25f8a635f68:547,602
4:14e49af8-fc14-4210-8dc9-d25f8a635f68:3274,603
4:14e49af8-fc14-4210-8dc9-d25f8a635f68:3275,604
4:14e49af8-fc14-4210-8dc9-d25f8a635f68:3276,605
4:14e49af8-fc14-4210-8dc9-d25f8a635f68:548,606
4:14e49af8-fc14-4210-8dc9-d25f8a635f68:549,607
4:14e49af8-fc14-4210-8dc9-d25f8a635f68:3277,608
4:14e49af8-fc14-4210-8dc9-d25f8a635f68:550,609
4:14e49af8-fc14-4210-8dc9-d25f8a635f68:551,610
4:14e49af8-fc14-4210-8dc9-d25f8a635f68:552,611
4:14e49af8-fc14-4210-8dc9-d25f8a635f68:553,612
4:14e49af8-fc14-4210-8dc9-d25f8a635f68:554,613
4:14e49af8-fc14-4210-8dc9-d25f8a635f68:3278,614
4:14e49af8-fc14-4210-8dc9-d25f8a635f68:3279,615
4:14e49af8-fc14-4210-8dc9-d25f8a635f68:555,616
4:14e49af8-fc14-4210-8dc9-d25f8a635f68:3280,617
4:14e49af8-fc14-4210-8dc9-d25f8a635f68:430,618
4:14e49af8-fc14-4210-8dc9-d25f8a635f68:556,619
4:14e49af8-fc14-4210-8dc9-d25f8a635f68:3281,620
4:14e49af8-fc14-4210-8dc9-d25f8a635f68:3282,621
4:14e49af8-fc14-4210-8dc9-d25f8a635f68:3283,622
4:14e49af8-fc14-4210-8dc9-d25f8a635f68:557,623
4:14e49af8-fc14-4210-8dc9-d25f8a635f68:3284,624
4:14e49af8-fc14-4210-8dc9-d25f8a635f68:3285,625
4:14e49af8-fc14-4210-8dc9-d25f8a635f68:558,626
4:14e49af8-fc14-4210-8dc9-d25f8a635f68:559,627
4:14e49af8-fc14-4210-8dc9-d25f8a635f68:431,628
4:14e49af8-fc14-4210-8dc9-d25f8a635f68:560,629
4:14e49af8-fc14-4210-8dc9-d25f8a635f68:3286,630
4:14e49af8-fc14-4210-8dc9-d25f8a635f68:3287,631
4:14e49af8-fc14-4210-8dc9-d25f8a635f68:3288,632
4:14e49af8-fc14-4210-8dc9-d25f8a635f68:3289,633
4:14e49af8-fc14-4210-8dc9-d25f8a635f68:0,634
4:14e49af8-fc14-4210-8dc9-d25f8a635f68:432,635
4:14e49af8-fc14-4210-8dc9-d25f8a635f68:1,636
4:14e49af8-fc14-4210-8dc9-d25f8a635f68:2,637
4:14e49af8-fc14-4210-8dc9-d25f8a635f68:3,638
4:14e49af8-fc14-4210-8dc9-d25f8a635f68:433,639
4:14e49af8-fc14-4210-8dc9-d25f8a635f68:4,640
4:14e49af8-fc14-4210-8dc9-d25f8a635f68:561,641
4:14e49af8-fc14-4210-8dc9-d25f8a635f68:562,642
4:14e49af8-fc14-4210-8dc9-d25f8a635f68:563,643
4:14e49af8-fc14-4210-8dc9-d25f8a635f68:434,644
4:14e49af8-fc14-4210-8dc9-d25f8a635f68:5,645
4:14e49af8-fc14-4210-8dc9-d25f8a635f68:435,646
4:14e49af8-fc14-4210-8dc9-d25f8a635f68:6,647
4:14e49af8-fc14-4210-8dc9-d25f8a635f68:436,648
4:14e49af8-fc14-4210-8dc9-d25f8a635f68:564,649
4:14e49af8-fc14-4210-8dc9-d25f8a635f68:565,650
4:14e49af8-fc14-4210-8dc9-d25f8a635f68:437,651
4:14e49af8-fc14-4210-8dc9-d25f8a635f68:566,652
4:14e49af8-fc14-4210-8dc9-d25f8a635f68:438,653
4:14e49af8-fc14-4210-8dc9-d25f8a635f68:439,654
4:14e49af8-fc14-4210-8dc9-d25f8a635f68:567,655
4:14e49af8-fc14-4210-8dc9-d25f8a635f68:568,656
4:14e49af8-fc14-4210-8dc9-d25f8a635f68:569,657
4:14e49af8-fc14-4210-8dc9-d25f8a635f68:570,658
4:14e49af8-fc14-4210-8dc9-d25f8a635f68:571,659
4:14e49af8-fc14-4210-8dc9-d25f8a635f68:440,660
4:14e49af8-fc14-4210-8dc9-d25f8a635f68:572,661
4:14e49af8-fc14-4210-8dc9-d25f8a635f68:7,662
4:14e49af8-fc14-4210-8dc9-d25f8a635f68:8,663
4:14e49af8-fc14-4210-8dc9-d25f8a635f68:573,664
4:14e49af8-fc14-4210-8dc9-d25f8a635f68:574,665
4:14e49af8-fc14-4210-8dc9-d25f8a635f68:575,666
4:14e49af8-fc14-4210-8dc9-d25f8a635f68:576,667
4:14e49af8-fc14-4210-8dc9-d25f8a635f68:577,668
4:14e49af8-fc14-4210-8dc9-d25f8a635f68:578,669
4:14e49af8-fc14-4210-8dc9-d25f8a635f68:441,670
4:14e49af8-fc14-4210-8dc9-d25f8a635f68:442,671
4:14e49af8-fc14-4210-8dc9-d25f8a635f68:579,672
4:14e49af8-fc14-4210-8dc9-d25f8a635f68:580,673
4:14e49af8-fc14-4210-8dc9-d25f8a635f68:443,674
4:14e49af8-fc14-4210-8dc9-d25f8a635f68:581,675
4:14e49af8-fc14-4210-8dc9-d25f8a635f68:444,676
4:14e49af8-fc14-4210-8dc9-d25f8a635f68:445,677
4:14e49af8-fc14-4210-8dc9-d25f8a635f68:582,678
4:14e49af8-fc14-4210-8dc9-d25f8a635f68:446,679
4:14e49af8-fc14-4210-8dc9-d25f8a635f68:583,680
4:14e49af8-fc14-4210-8dc9-d25f8a635f68:584,681
4:14e49af8-fc14-4210-8dc9-d25f8a635f68:585,682
4:14e49af8-fc14-4210-8dc9-d25f8a635f68:586,683
4:14e49af8-fc14-4210-8dc9-d25f8a635f68:587,684
4:14e49af8-fc14-4210-8dc9-d25f8a635f68:588,685
4:14e49af8-fc14-4210-8dc9-d25f8a635f68:9,686
4:14e49af8-fc14-4210-8dc9-d25f8a635f68:589,687
4:14e49af8-fc14-4210-8dc9-d25f8a635f68:590,688
4:14e49af8-fc14-4210-8dc9-d25f8a635f68:10,689
4:14e49af8-fc14-4210-8dc9-d25f8a635f68:591,690
4:14e49af8-fc14-4210-8dc9-d25f8a635f68:592,691
4:14e49af8-fc14-4210-8dc9-d25f8a635f68:447,692
4:14e49af8-fc14-4210-8dc9-d25f8a635f68:593,693
4:14e49af8-fc14-4210-8dc9-d25f8a635f68:594,694
4:14e49af8-fc14-4210-8dc9-d25f8a635f68:595,695
4:14e49af8-fc14-4210-8dc9-d25f8a635f68:11,696
4:14e49af8-fc14-4210-8dc9-d25f8a635f68:12,697
4:14e49af8-fc14-4210-8dc9-d25f8a635f68:13,698
4:14e49af8-fc14-4210-8dc9-d25f8a635f68:448,699
4:14e49af8-fc14-4210-8dc9-d25f8a635f68:14,700
4:14e49af8-fc14-4210-8dc9-d25f8a635f68:15,701
4:14e49af8-fc14-4210-8dc9-d25f8a635f68:16,702
4:14e49af8-fc14-4210-8dc9-d25f8a635f68:17,703
4:14e49af8-fc14-4210-8dc9-d25f8a635f68:596,704
4:14e49af8-fc14-4210-8dc9-d25f8a635f68:18,705
4:14e49af8-fc14-4210-8dc9-d25f8a635f68:19,706
4:14e49af8-fc14-4210-8dc9-d25f8a635f68:20,707
4:14e49af8-fc14-4210-8dc9-d25f8a635f68:21,708
4:14e49af8-fc14-4210-8dc9-d25f8a635f68:22,709
4:14e49af8-fc14-4210-8dc9-d25f8a635f68:23,710
4:14e49af8-fc14-4210-8dc9-d25f8a635f68:24,711
4:14e49af8-fc14-4210-8dc9-d25f8a635f68:25,712
4:14e49af8-fc14-4210-8dc9-d25f8a635f68:26,713
4:14e49af8-fc14-4210-8dc9-d25f8a635f68:27,714
4:14e49af8-fc14-4210-8dc9-d25f8a635f68:28,715
4:14e49af8-fc14-4210-8dc9-d25f8a635f68:597,716
4:14e49af8-fc14-4210-8dc9-d25f8a635f68:29,717
4:14e49af8-fc14-4210-8dc9-d25f8a635f68:30,718
4:14e49af8-fc14-4210-8dc9-d25f8a635f68:598,719
4:14e49af8-fc14-4210-8dc9-d25f8a635f68:31,720
4:14e49af8-fc14-4210-8dc9-d25f8a635f68:32,721
4:14e49af8-fc14-4210-8dc9-d25f8a635f68:33,722
4:14e49af8-fc14-4210-8dc9-d25f8a635f68:599,723
4:14e49af8-fc14-4210-8dc9-d25f8a635f68:34,724
4:14e49af8-fc14-4210-8dc9-d25f8a635f68:35,725
4:14e49af8-fc14-4210-8dc9-d25f8a635f68:36,726
4:14e49af8-fc14-4210-8dc9-d25f8a635f68:37,727
4:14e49af8-fc14-4210-8dc9-d25f8a635f68:38,728
4:14e49af8-fc14-4210-8dc9-d25f8a635f68:39,729
4:14e49af8-fc14-4210-8dc9-d25f8a635f68:40,730
4:14e49af8-fc14-4210-8dc9-d25f8a635f68:41,731
4:14e49af8-fc14-4210-8dc9-d25f8a635f68:42,732
4:14e49af8-fc14-4210-8dc9-d25f8a635f68:43,733
4:14e49af8-fc14-4210-8dc9-d25f8a635f68:600,734
4:14e49af8-fc14-4210-8dc9-d25f8a635f68:601,735
4:14e49af8-fc14-4210-8dc9-d25f8a635f68:44,736
4:14e49af8-fc14-4210-8dc9-d25f8a635f68:45,737
4:14e49af8-fc14-4210-8dc9-d25f8a635f68:46,738
4:14e49af8-fc14-4210-8dc9-d25f8a635f68:47,739
4:14e49af8-fc14-4210-8dc9-d25f8a635f68:48,740
4:14e49af8-fc14-4210-8dc9-d25f8a635f68:49,741
4:14e49af8-fc14-4210-8dc9-d25f8a635f68:602,742
4:14e49af8-fc14-4210-8dc9-d25f8a635f68:50,743
4:14e49af8-fc14-4210-8dc9-d25f8a635f68:51,744
4:14e49af8-fc14-4210-8dc9-d25f8a635f68:52,745
4:14e49af8-fc14-4210-8dc9-d25f8a635f68:603,746
4:14e49af8-fc14-4210-8dc9-d25f8a635f68:53,747
4:14e49af8-fc14-4210-8dc9-d25f8a635f68:54,748
4:14e49af8-fc14-4210-8dc9-d25f8a635f68:604,749
4:14e49af8-fc14-4210-8dc9-d25f8a635f68:449,750
4:14e49af8-fc14-4210-8dc9-d25f8a635f68:605,751
4:14e49af8-fc14-4210-8dc9-d25f8a635f68:55,752
4:14e49af8-fc14-4210-8dc9-d25f8a635f68:606,753
4:14e49af8-fc14-4210-8dc9-d25f8a635f68:450,754
4:14e49af8-fc14-4210-8dc9-d25f8a635f68:607,755
4:14e49af8-fc14-4210-8dc9-d25f8a635f68:56,756
4:14e49af8-fc14-4210-8dc9-d25f8a635f68:57,757
4:14e49af8-fc14-4210-8dc9-d25f8a635f68:451,758
4:14e49af8-fc14-4210-8dc9-d25f8a635f68:58,759
4:14e49af8-fc14-4210-8dc9-d25f8a635f68:608,760
4:14e49af8-fc14-4210-8dc9-d25f8a635f68:59,761
4:14e49af8-fc14-4210-8dc9-d25f8a635f68:60,762
4:14e49af8-fc14-4210-8dc9-d25f8a635f68:609,763
4:14e49af8-fc14-4210-8dc9-d25f8a635f68:452,764
4:14e49af8-fc14-4210-8dc9-d25f8a635f68:610,765
4:14e49af8-fc14-4210-8dc9-d25f8a635f68:61,766
4:14e49af8-fc14-4210-8dc9-d25f8a635f68:62,767
4:14e49af8-fc14-4210-8dc9-d25f8a635f68:63,768
4:14e49af8-fc14-4210-8dc9-d25f8a635f68:611,769
4:14e49af8-fc14-4210-8dc9-d25f8a635f68:612,770
4:14e49af8-fc14-4210-8dc9-d25f8a635f68:453,771
4:14e49af8-fc14-4210-8dc9-d25f8a635f68:454,772
4:14e49af8-fc14-4210-8dc9-d25f8a635f68:64,773
4:14e49af8-fc14-4210-8dc9-d25f8a635f68:65,774
4:14e49af8-fc14-4210-8dc9-d25f8a635f68:66,775
4:14e49af8-fc14-4210-8dc9-d25f8a635f68:613,776
4:14e49af8-fc14-4210-8dc9-d25f8a635f68:614,777
4:14e49af8-fc14-4210-8dc9-d25f8a635f68:615,778
4:14e49af8-fc14-4210-8dc9-d25f8a635f68:616,779
4:14e49af8-fc14-4210-8dc9-d25f8a635f68:455,780
4:14e49af8-fc14-4210-8dc9-d25f8a635f68:617,781
4:14e49af8-fc14-4210-8dc9-d25f8a635f68:618,782
4:14e49af8-fc14-4210-8dc9-d25f8a635f68:619,783
4:14e49af8-fc14-4210-8dc9-d25f8a635f68:620,784
4:14e49af8-fc14-4210-8dc9-d25f8a635f68:67,785
4:14e49af8-fc14-4210-8dc9-d25f8a635f68:68,786
4:14e49af8-fc14-4210-8dc9-d25f8a635f68:69,787
4:14e49af8-fc14-4210-8dc9-d25f8a635f68:70,788
4:14e49af8-fc14-4210-8dc9-d25f8a635f68:71,789
4:14e49af8-fc14-4210-8dc9-d25f8a635f68:72,790
4:14e49af8-fc14-4210-8dc9-d25f8a635f68:73,791
4:14e49af8-fc14-4210-8dc9-d25f8a635f68:74,792
4:14e49af8-fc14-4210-8dc9-d25f8a635f68:75,793
4:14e49af8-fc14-4210-8dc9-d25f8a635f68:76,794
4:14e49af8-fc14-4210-8dc9-d25f8a635f68:77,795
4:14e49af8-fc14-4210-8dc9-d25f8a635f68:78,796
4:14e49af8-fc14-4210-8dc9-d25f8a635f68:79,797
4:14e49af8-fc14-4210-8dc9-d25f8a635f68:80,798
4:14e49af8-fc14-4210-8dc9-d25f8a635f68:81,799
4:14e49af8-fc14-4210-8dc9-d25f8a635f68:82,800
4:14e49af8-fc14-4210-8dc9-d25f8a635f68:83,801
4:14e49af8-fc14-4210-8dc9-d25f8a635f68:84,802
4:14e49af8-fc14-4210-8dc9-d25f8a635f68:85,803
4:14e49af8-fc14-4210-8dc9-d25f8a635f68:86,804
4:14e49af8-fc14-4210-8dc9-d25f8a635f68:87,805
4:14e49af8-fc14-4210-8dc9-d25f8a635f68:88,806
4:14e49af8-fc14-4210-8dc9-d25f8a635f68:89,807
4:14e49af8-fc14-4210-8dc9-d25f8a635f68:90,808
4:14e49af8-fc14-4210-8dc9-d25f8a635f68:621,809
4:14e49af8-fc14-4210-8dc9-d25f8a635f68:91,810
4:14e49af8-fc14-4210-8dc9-d25f8a635f68:622,811
4:14e49af8-fc14-4210-8dc9-d25f8a635f68:92,812
4:14e49af8-fc14-4210-8dc9-d25f8a635f68:623,813
4:14e49af8-fc14-4210-8dc9-d25f8a635f68:93,814
4:14e49af8-fc14-4210-8dc9-d25f8a635f68:94,815
4:14e49af8-fc14-4210-8dc9-d25f8a635f68:95,816
4:14e49af8-fc14-4210-8dc9-d25f8a635f68:624,817
4:14e49af8-fc14-4210-8dc9-d25f8a635f68:96,818
4:14e49af8-fc14-4210-8dc9-d25f8a635f68:97,819
4:14e49af8-fc14-4210-8dc9-d25f8a635f68:98,820
4:14e49af8-fc14-4210-8dc9-d25f8a635f68:99,821
4:14e49af8-fc14-4210-8dc9-d25f8a635f68:100,822
4:14e49af8-fc14-4210-8dc9-d25f8a635f68:101,823
4:14e49af8-fc14-4210-8dc9-d25f8a635f68:625,824
4:14e49af8-fc14-4210-8dc9-d25f8a635f68:102,825
4:14e49af8-fc14-4210-8dc9-d25f8a635f68:626,826
4:14e49af8-fc14-4210-8dc9-d25f8a635f68:627,827
4:14e49af8-fc14-4210-8dc9-d25f8a635f68:628,828
4:14e49af8-fc14-4210-8dc9-d25f8a635f68:103,829
4:14e49af8-fc14-4210-8dc9-d25f8a635f68:104,830
4:14e49af8-fc14-4210-8dc9-d25f8a635f68:629,831
4:14e49af8-fc14-4210-8dc9-d25f8a635f68:105,832
4:14e49af8-fc14-4210-8dc9-d25f8a635f68:630,833
4:14e49af8-fc14-4210-8dc9-d25f8a635f68:106,834
4:14e49af8-fc14-4210-8dc9-d25f8a635f68:631,835
4:14e49af8-fc14-4210-8dc9-d25f8a635f68:107,836
4:14e49af8-fc14-4210-8dc9-d25f8a635f68:108,837
4:14e49af8-fc14-4210-8dc9-d25f8a635f68:632,838
4:14e49af8-fc14-4210-8dc9-d25f8a635f68:633,839
4:14e49af8-fc14-4210-8dc9-d25f8a635f68:109,840
4:14e49af8-fc14-4210-8dc9-d25f8a635f68:634,841
4:14e49af8-fc14-4210-8dc9-d25f8a635f68:635,842
4:14e49af8-fc14-4210-8dc9-d25f8a635f68:456,843
4:14e49af8-fc14-4210-8dc9-d25f8a635f68:636,844
4:14e49af8-fc14-4210-8dc9-d25f8a635f68:637,845
4:14e49af8-fc14-4210-8dc9-d25f8a635f68:638,846
4:14e49af8-fc14-4210-8dc9-d25f8a635f68:639,847
4:14e49af8-fc14-4210-8dc9-d25f8a635f68:640,848
4:14e49af8-fc14-4210-8dc9-d25f8a635f68:457,849
4:14e49af8-fc14-4210-8dc9-d25f8a635f68:110,850
4:14e49af8-fc14-4210-8dc9-d25f8a635f68:111,851
4:14e49af8-fc14-4210-8dc9-d25f8a635f68:112,852
4:14e49af8-fc14-4210-8dc9-d25f8a635f68:113,853
4:14e49af8-fc14-4210-8dc9-d25f8a635f68:641,854
4:14e49af8-fc14-4210-8dc9-d25f8a635f68:458,855
4:14e49af8-fc14-4210-8dc9-d25f8a635f68:642,856
4:14e49af8-fc14-4210-8dc9-d25f8a635f68:643,857
4:14e49af8-fc14-4210-8dc9-d25f8a635f68:459,858
4:14e49af8-fc14-4210-8dc9-d25f8a635f68:460,859
4:14e49af8-fc14-4210-8dc9-d25f8a635f68:114,860
4:14e49af8-fc14-4210-8dc9-d25f8a635f68:115,861
4:14e49af8-fc14-4210-8dc9-d25f8a635f68:116,862
4:14e49af8-fc14-4210-8dc9-d25f8a635f68:117,863
4:14e49af8-fc14-4210-8dc9-d25f8a635f68:461,864
4:14e49af8-fc14-4210-8dc9-d25f8a635f68:644,865
4:14e49af8-fc14-4210-8dc9-d25f8a635f68:645,866
4:14e49af8-fc14-4210-8dc9-d25f8a635f68:646,867
4:14e49af8-fc14-4210-8dc9-d25f8a635f68:118,868
4:14e49af8-fc14-4210-8dc9-d25f8a635f68:647,869
4:14e49af8-fc14-4210-8dc9-d25f8a635f68:648,870
4:14e49af8-fc14-4210-8dc9-d25f8a635f68:649,871
4:14e49af8-fc14-4210-8dc9-d25f8a635f68:462,872
4:14e49af8-fc14-4210-8dc9-d25f8a635f68:463,873
4:14e49af8-fc14-4210-8dc9-d25f8a635f68:464,874
4:14e49af8-fc14-4210-8dc9-d25f8a635f68:465,875
4:14e49af8-fc14-4210-8dc9-d25f8a635f68:466,876
4:14e49af8-fc14-4210-8dc9-d25f8a635f68:650,877
4:14e49af8-fc14-4210-8dc9-d25f8a635f68:467,878
4:14e49af8-fc14-4210-8dc9-d25f8a635f68:651,879
4:14e49af8-fc14-4210-8dc9-d25f8a635f68:119,880
4:14e49af8-fc14-4210-8dc9-d25f8a635f68:652,881
4:14e49af8-fc14-4210-8dc9-d25f8a635f68:653,882
4:14e49af8-fc14-4210-8dc9-d25f8a635f68:654,883
4:14e49af8-fc14-4210-8dc9-d25f8a635f68:655,884
4:14e49af8-fc14-4210-8dc9-d25f8a635f68:656,885
4:14e49af8-fc14-4210-8dc9-d25f8a635f68:120,886
4:14e49af8-fc14-4210-8dc9-d25f8a635f68:121,887
4:14e49af8-fc14-4210-8dc9-d25f8a635f68:657,888
4:14e49af8-fc14-4210-8dc9-d25f8a635f68:122,889
4:14e49af8-fc14-4210-8dc9-d25f8a635f68:123,890
4:14e49af8-fc14-4210-8dc9-d25f8a635f68:658,891
4:14e49af8-fc14-4210-8dc9-d25f8a635f68:124,892
4:14e49af8-fc14-4210-8dc9-d25f8a635f68:125,893
4:14e49af8-fc14-4210-8dc9-d25f8a635f68:659,894
4:14e49af8-fc14-4210-8dc9-d25f8a635f68:126,895
4:14e49af8-fc14-4210-8dc9-d25f8a635f68:127,896
4:14e49af8-fc14-4210-8dc9-d25f8a635f68:128,897
4:14e49af8-fc14-4210-8dc9-d25f8a635f68:129,898
4:14e49af8-fc14-4210-8dc9-d25f8a635f68:130,899
4:14e49af8-fc14-4210-8dc9-d25f8a635f68:131,900
4:14e49af8-fc14-4210-8dc9-d25f8a635f68:132,901
4:14e49af8-fc14-4210-8dc9-d25f8a635f68:133,902
4:14e49af8-fc14-4210-8dc9-d25f8a635f68:134,903
4:14e49af8-fc14-4210-8dc9-d25f8a635f68:135,904
4:14e49af8-fc14-4210-8dc9-d25f8a635f68:136,905
4:14e49af8-fc14-4210-8dc9-d25f8a635f68:137,906
4:14e49af8-fc14-4210-8dc9-d25f8a635f68:660,907
4:14e49af8-fc14-4210-8dc9-d25f8a635f68:468,908
4:14e49af8-fc14-4210-8dc9-d25f8a635f68:138,909
4:14e49af8-fc14-4210-8dc9-d25f8a635f68:139,910
4:14e49af8-fc14-4210-8dc9-d25f8a635f68:661,911
4:14e49af8-fc14-4210-8dc9-d25f8a635f68:140,912
4:14e49af8-fc14-4210-8dc9-d25f8a635f68:662,913
4:14e49af8-fc14-4210-8dc9-d25f8a635f68:663,914
4:14e49af8-fc14-4210-8dc9-d25f8a635f68:141,915
4:14e49af8-fc14-4210-8dc9-d25f8a635f68:142,916
4:14e49af8-fc14-4210-8dc9-d25f8a635f68:664,917
4:14e49af8-fc14-4210-8dc9-d25f8a635f68:143,918
4:14e49af8-fc14-4210-8dc9-d25f8a635f68:144,919
4:14e49af8-fc14-4210-8dc9-d25f8a635f68:665,920
4:14e49af8-fc14-4210-8dc9-d25f8a635f68:145,921
4:14e49af8-fc14-4210-8dc9-d25f8a635f68:146,922
4:14e49af8-fc14-4210-8dc9-d25f8a635f68:147,923
4:14e49af8-fc14-4210-8dc9-d25f8a635f68:148,924
4:14e49af8-fc14-4210-8dc9-d25f8a635f68:666,925
4:14e49af8-fc14-4210-8dc9-d25f8a635f68:149,926
4:14e49af8-fc14-4210-8dc9-d25f8a635f68:150,927
4:14e49af8-fc14-4210-8dc9-d25f8a635f68:667,928
4:14e49af8-fc14-4210-8dc9-d25f8a635f68:668,929
4:14e49af8-fc14-4210-8dc9-d25f8a635f68:669,930
4:14e49af8-fc14-4210-8dc9-d25f8a635f68:151,931
4:14e49af8-fc14-4210-8dc9-d25f8a635f68:152,932
4:14e49af8-fc14-4210-8dc9-d25f8a635f68:153,933
4:14e49af8-fc14-4210-8dc9-d25f8a635f68:154,934
4:14e49af8-fc14-4210-8dc9-d25f8a635f68:155,935
4:14e49af8-fc14-4210-8dc9-d25f8a635f68:469,936
4:14e49af8-fc14-4210-8dc9-d25f8a635f68:156,937
4:14e49af8-fc14-4210-8dc9-d25f8a635f68:157,938
4:14e49af8-fc14-4210-8dc9-d25f8a635f68:158,939
4:14e49af8-fc14-4210-8dc9-d25f8a635f68:670,940
4:14e49af8-fc14-4210-8dc9-d25f8a635f68:671,941
4:14e49af8-fc14-4210-8dc9-d25f8a635f68:159,942
4:14e49af8-fc14-4210-8dc9-d25f8a635f68:160,943
4:14e49af8-fc14-4210-8dc9-d25f8a635f68:672,944
4:14e49af8-fc14-4210-8dc9-d25f8a635f68:673,945
4:14e49af8-fc14-4210-8dc9-d25f8a635f68:674,946
4:14e49af8-fc14-4210-8dc9-d25f8a635f68:470,947
4:14e49af8-fc14-4210-8dc9-d25f8a635f68:675,948
4:14e49af8-fc14-4210-8dc9-d25f8a635f68:676,949
4:14e49af8-fc14-4210-8dc9-d25f8a635f68:677,950
4:14e49af8-fc14-4210-8dc9-d25f8a635f68:161,951
4:14e49af8-fc14-4210-8dc9-d25f8a635f68:678,952
4:14e49af8-fc14-4210-8dc9-d25f8a635f68:471,953
4:14e49af8-fc14-4210-8dc9-d25f8a635f68:472,954
4:14e49af8-fc14-4210-8dc9-d25f8a635f68:473,955
4:14e49af8-fc14-4210-8dc9-d25f8a635f68:474,956
4:14e49af8-fc14-4210-8dc9-d25f8a635f68:162,957
4:14e49af8-fc14-4210-8dc9-d25f8a635f68:475,958
4:14e49af8-fc14-4210-8dc9-d25f8a635f68:679,959
4:14e49af8-fc14-4210-8dc9-d25f8a635f68:680,960
4:14e49af8-fc14-4210-8dc9-d25f8a635f68:681,961
4:14e49af8-fc14-4210-8dc9-d25f8a635f68:682,962
4:14e49af8-fc14-4210-8dc9-d25f8a635f68:683,963
4:14e49af8-fc14-4210-8dc9-d25f8a635f68:476,964
4:14e49af8-fc14-4210-8dc9-d25f8a635f68:684,965
4:14e49af8-fc14-4210-8dc9-d25f8a635f68:685,966
4:14e49af8-fc14-4210-8dc9-d25f8a635f68:686,967
4:14e49af8-fc14-4210-8dc9-d25f8a635f68:687,968
4:14e49af8-fc14-4210-8dc9-d25f8a635f68:688,969
4:14e49af8-fc14-4210-8dc9-d25f8a635f68:477,970
4:14e49af8-fc14-4210-8dc9-d25f8a635f68:689,971
4:14e49af8-fc14-4210-8dc9-d25f8a635f68:478,972
4:14e49af8-fc14-4210-8dc9-d25f8a635f68:690,973
4:14e49af8-fc14-4210-8dc9-d25f8a635f68:691,974
4:14e49af8-fc14-4210-8dc9-d25f8a635f68:479,975
4:14e49af8-fc14-4210-8dc9-d25f8a635f68:692,976
4:14e49af8-fc14-4210-8dc9-d25f8a635f68:693,977
4:14e49af8-fc14-4210-8dc9-d25f8a635f68:480,978
4:14e49af8-fc14-4210-8dc9-d25f8a635f68:694,979
4:14e49af8-fc14-4210-8dc9-d25f8a635f68:481,980
4:14e49af8-fc14-4210-8dc9-d25f8a635f68:695,981
4:14e49af8-fc14-4210-8dc9-d25f8a635f68:482,982
4:14e49af8-fc14-4210-8dc9-d25f8a635f68:483,983
4:14e49af8-fc14-4210-8dc9-d25f8a635f68:696,984
4:14e49af8-fc14-4210-8dc9-d25f8a635f68:697,985
4:14e49af8-fc14-4210-8dc9-d25f8a635f68:484,986
4:14e49af8-fc14-4210-8dc9-d25f8a635f68:698,987
4:14e49af8-fc14-4210-8dc9-d25f8a635f68:699,988
4:14e49af8-fc14-4210-8dc9-d25f8a635f68:700,989
4:14e49af8-fc14-4210-8dc9-d25f8a635f68:701,990
4:14e49af8-fc14-4210-8dc9-d25f8a635f68:702,991