setting,model,R2,RMSE,MAE,n_test,test_players,overlap_ratio_test,cold_start_ratio,p,emb_source
Baseline | L0' + time,RandomForest,0.5793 ± 0.0023,0.7535 ± 0.0021,0.5853 ± 0.0026,"423.0 (min=423, max=423)","423.0 (min=423, max=423)",0.8487 ± 0.0000,0.1513 ± 0.0000,75,none
Baseline | L0' + time,Ridge,0.5526 ± 0.0000,0.7771 ± 0.0000,0.6044 ± 0.0000,"423.0 (min=423, max=423)","423.0 (min=423, max=423)",0.8487 ± 0.0000,0.1513 ± 0.0000,75,none
Baseline | L0' + time | cold_start_2024,RandomForest,0.2187 ± 0.0076,0.6866 ± 0.0033,0.5075 ± 0.0044,"64.0 (min=64, max=64)","64.0 (min=64, max=64)",0.0000 ± 0.0000,0.1513 ± 0.0000,75,none
Baseline | L0' + time | cold_start_2024,Ridge,0.1866 ± 0.0000,0.7005 ± 0.0000,0.5104 ± 0.0000,"64.0 (min=64, max=64)","64.0 (min=64, max=64)",0.0000 ± 0.0000,0.1513 ± 0.0000,75,none
Baseline | L0' only,RandomForest,0.5797 ± 0.0008,0.7532 ± 0.0007,0.5835 ± 0.0012,"423.0 (min=423, max=423)","423.0 (min=423, max=423)",0.8487 ± 0.0000,0.1513 ± 0.0000,73,none
Baseline | L0' only,Ridge,0.5527 ± 0.0000,0.7770 ± 0.0000,0.6062 ± 0.0000,"423.0 (min=423, max=423)","423.0 (min=423, max=423)",0.8487 ± 0.0000,0.1513 ± 0.0000,73,none
Baseline | L0' only | cold_start_2024,RandomForest,0.2075 ± 0.0090,0.6915 ± 0.0039,0.5072 ± 0.0042,"64.0 (min=64, max=64)","64.0 (min=64, max=64)",0.0000 ± 0.0000,0.1513 ± 0.0000,73,none
Baseline | L0' only | cold_start_2024,Ridge,0.1861 ± 0.0000,0.7007 ± 0.0000,0.5070 ± 0.0000,"64.0 (min=64, max=64)","64.0 (min=64, max=64)",0.0000 ± 0.0000,0.1513 ± 0.0000,73,none
GNN_V0 | L0' + emb,RandomForest,0.5193 ± 0.0011,0.8055 ± 0.0009,0.5919 ± 0.0013,"423.0 (min=423, max=423)","423.0 (min=423, max=423)",0.8487 ± 0.0000,0.1513 ± 0.0000,137,gnn_v0_sage_player_embeddings.csv
GNN_V0 | L0' + emb,Ridge,0.5081 ± 0.0000,0.8148 ± 0.0000,0.5989 ± 0.0000,"423.0 (min=423, max=423)","423.0 (min=423, max=423)",0.8487 ± 0.0000,0.1513 ± 0.0000,137,gnn_v0_sage_player_embeddings.csv
GNN_V0 | L0' + emb + time,RandomForest,0.5189 ± 0.0008,0.8058 ± 0.0007,0.5926 ± 0.0006,"423.0 (min=423, max=423)","423.0 (min=423, max=423)",0.8487 ± 0.0000,0.1513 ± 0.0000,139,gnn_v0_sage_player_embeddings.csv
GNN_V0 | L0' + emb + time,Ridge,0.5079 ± 0.0000,0.8150 ± 0.0000,0.5992 ± 0.0000,"423.0 (min=423, max=423)","423.0 (min=423, max=423)",0.8487 ± 0.0000,0.1513 ± 0.0000,139,gnn_v0_sage_player_embeddings.csv
GNN_V0 | L0' + emb + time | cold_start_2024,RandomForest,-0.2630 ± 0.0107,0.8729 ± 0.0037,0.6701 ± 0.0039,"64.0 (min=64, max=64)","64.0 (min=64, max=64)",0.0000 ± 0.0000,0.1513 ± 0.0000,139,gnn_v0_sage_player_embeddings.csv
GNN_V0 | L0' + emb + time | cold_start_2024,Ridge,-0.4593 ± 0.0000,0.9383 ± 0.0000,0.7332 ± 0.0000,"64.0 (min=64, max=64)","64.0 (min=64, max=64)",0.0000 ± 0.0000,0.1513 ± 0.0000,139,gnn_v0_sage_player_embeddings.csv
GNN_V0 | L0' + emb | cold_start_2024,RandomForest,-0.2547 ± 0.0043,0.8700 ± 0.0015,0.6680 ± 0.0027,"64.0 (min=64, max=64)","64.0 (min=64, max=64)",0.0000 ± 0.0000,0.1513 ± 0.0000,137,gnn_v0_sage_player_embeddings.csv
GNN_V0 | L0' + emb | cold_start_2024,Ridge,-0.4628 ± 0.0000,0.9394 ± 0.0000,0.7328 ± 0.0000,"64.0 (min=64, max=64)","64.0 (min=64, max=64)",0.0000 ± 0.0000,0.1513 ± 0.0000,137,gnn_v0_sage_player_embeddings.csv
GNN_V0 | emb only,RandomForest,0.4173 ± 0.0012,0.8868 ± 0.0009,0.6579 ± 0.0009,"423.0 (min=423, max=423)","423.0 (min=423, max=423)",0.8487 ± 0.0000,0.1513 ± 0.0000,64,gnn_v0_sage_player_embeddings.csv
GNN_V0 | emb only,Ridge,0.4041 ± 0.0000,0.8968 ± 0.0000,0.6741 ± 0.0000,"423.0 (min=423, max=423)","423.0 (min=423, max=423)",0.8487 ± 0.0000,0.1513 ± 0.0000,64,gnn_v0_sage_player_embeddings.csv
GNN_V0 | emb only | cold_start_2024,RandomForest,-0.4383 ± 0.0102,0.9315 ± 0.0033,0.7132 ± 0.0027,"64.0 (min=64, max=64)","64.0 (min=64, max=64)",0.0000 ± 0.0000,0.1513 ± 0.0000,64,gnn_v0_sage_player_embeddings.csv
GNN_V0 | emb only | cold_start_2024,Ridge,-0.4013 ± 0.0000,0.9195 ± 0.0000,0.7098 ± 0.0000,"64.0 (min=64, max=64)","64.0 (min=64, max=64)",0.0000 ± 0.0000,0.1513 ± 0.0000,64,gnn_v0_sage_player_embeddings.csv
GNN_V1 | L0' + emb,RandomForest,0.5058 ± 0.0018,0.8167 ± 0.0015,0.6108 ± 0.0017,"423.0 (min=423, max=423)","423.0 (min=423, max=423)",0.8487 ± 0.0000,0.1513 ± 0.0000,137,gnn_v1_sage_player_embeddings.csv
GNN_V1 | L0' + emb,Ridge,0.5079 ± 0.0000,0.8150 ± 0.0000,0.6175 ± 0.0000,"423.0 (min=423, max=423)","423.0 (min=423, max=423)",0.8487 ± 0.0000,0.1513 ± 0.0000,137,gnn_v1_sage_player_embeddings.csv
GNN_V1 | L0' + emb + time,RandomForest,0.5031 ± 0.0014,0.8189 ± 0.0012,0.6130 ± 0.0012,"423.0 (min=423, max=423)","423.0 (min=423, max=423)",0.8487 ± 0.0000,0.1513 ± 0.0000,139,gnn_v1_sage_player_embeddings.csv
GNN_V1 | L0' + emb + time,Ridge,0.5060 ± 0.0000,0.8165 ± 0.0000,0.6190 ± 0.0000,"423.0 (min=423, max=423)","423.0 (min=423, max=423)",0.8487 ± 0.0000,0.1513 ± 0.0000,139,gnn_v1_sage_player_embeddings.csv
GNN_V1 | L0' + emb + time | cold_start_2024,RandomForest,-0.2615 ± 0.0089,0.8724 ± 0.0031,0.6545 ± 0.0034,"64.0 (min=64, max=64)","64.0 (min=64, max=64)",0.0000 ± 0.0000,0.1513 ± 0.0000,139,gnn_v1_sage_player_embeddings.csv
GNN_V1 | L0' + emb + time | cold_start_2024,Ridge,-0.5650 ± 0.0000,0.9717 ± 0.0000,0.7388 ± 0.0000,"64.0 (min=64, max=64)","64.0 (min=64, max=64)",0.0000 ± 0.0000,0.1513 ± 0.0000,139,gnn_v1_sage_player_embeddings.csv
GNN_V1 | L0' + emb | cold_start_2024,RandomForest,-0.2550 ± 0.0080,0.8701 ± 0.0028,0.6541 ± 0.0026,"64.0 (min=64, max=64)","64.0 (min=64, max=64)",0.0000 ± 0.0000,0.1513 ± 0.0000,137,gnn_v1_sage_player_embeddings.csv
GNN_V1 | L0' + emb | cold_start_2024,Ridge,-0.5795 ± 0.0000,0.9762 ± 0.0000,0.7415 ± 0.0000,"64.0 (min=64, max=64)","64.0 (min=64, max=64)",0.0000 ± 0.0000,0.1513 ± 0.0000,137,gnn_v1_sage_player_embeddings.csv
GNN_V1 | emb only,RandomForest,0.3792 ± 0.0002,0.9153 ± 0.0001,0.6916 ± 0.0005,"423.0 (min=423, max=423)","423.0 (min=423, max=423)",0.8487 ± 0.0000,0.1513 ± 0.0000,64,gnn_v1_sage_player_embeddings.csv
GNN_V1 | emb only,Ridge,0.2968 ± 0.0000,0.9742 ± 0.0000,0.7564 ± 0.0000,"423.0 (min=423, max=423)","423.0 (min=423, max=423)",0.8487 ± 0.0000,0.1513 ± 0.0000,64,gnn_v1_sage_player_embeddings.csv
GNN_V1 | emb only | cold_start_2024,RandomForest,-0.4798 ± 0.0035,0.9449 ± 0.0011,0.7283 ± 0.0016,"64.0 (min=64, max=64)","64.0 (min=64, max=64)",0.0000 ± 0.0000,0.1513 ± 0.0000,64,gnn_v1_sage_player_embeddings.csv
GNN_V1 | emb only | cold_start_2024,Ridge,-0.3983 ± 0.0000,0.9185 ± 0.0000,0.6927 ± 0.0000,"64.0 (min=64, max=64)","64.0 (min=64, max=64)",0.0000 ± 0.0000,0.1513 ± 0.0000,64,gnn_v1_sage_player_embeddings.csv
Node2Vec | L0' + emb,RandomForest,0.5882 ± 0.0024,0.7455 ± 0.0021,0.5848 ± 0.0026,"423.0 (min=423, max=423)","423.0 (min=423, max=423)",0.8487 ± 0.0000,0.1513 ± 0.0000,137,node2vec_L1A_player_embeddings.csv
Node2Vec | L0' + emb,Ridge,0.5557 ± 0.0000,0.7744 ± 0.0000,0.5989 ± 0.0000,"423.0 (min=423, max=423)","423.0 (min=423, max=423)",0.8487 ± 0.0000,0.1513 ± 0.0000,137,node2vec_L1A_player_embeddings.csv
Node2Vec | L0' + emb + time,RandomForest,0.5855 ± 0.0024,0.7480 ± 0.0022,0.5873 ± 0.0021,"423.0 (min=423, max=423)","423.0 (min=423, max=423)",0.8487 ± 0.0000,0.1513 ± 0.0000,139,node2vec_L1A_player_embeddings.csv
Node2Vec | L0' + emb + time,Ridge,0.5563 ± 0.0000,0.7738 ± 0.0000,0.5972 ± 0.0000,"423.0 (min=423, max=423)","423.0 (min=423, max=423)",0.8487 ± 0.0000,0.1513 ± 0.0000,139,node2vec_L1A_player_embeddings.csv
Node2Vec | L0' + emb + time | cold_start_2024,RandomForest,0.1335 ± 0.0102,0.7230 ± 0.0043,0.5377 ± 0.0031,"64.0 (min=64, max=64)","64.0 (min=64, max=64)",0.0000 ± 0.0000,0.1513 ± 0.0000,139,node2vec_L1A_player_embeddings.csv
Node2Vec | L0' + emb + time | cold_start_2024,Ridge,0.1864 ± 0.0000,0.7006 ± 0.0000,0.5197 ± 0.0000,"64.0 (min=64, max=64)","64.0 (min=64, max=64)",0.0000 ± 0.0000,0.1513 ± 0.0000,139,node2vec_L1A_player_embeddings.csv
Node2Vec | L0' + emb | cold_start_2024,RandomForest,0.1553 ± 0.0130,0.7139 ± 0.0055,0.5312 ± 0.0055,"64.0 (min=64, max=64)","64.0 (min=64, max=64)",0.0000 ± 0.0000,0.1513 ± 0.0000,137,node2vec_L1A_player_embeddings.csv
Node2Vec | L0' + emb | cold_start_2024,Ridge,0.1822 ± 0.0000,0.7024 ± 0.0000,0.5175 ± 0.0000,"64.0 (min=64, max=64)","64.0 (min=64, max=64)",0.0000 ± 0.0000,0.1513 ± 0.0000,137,node2vec_L1A_player_embeddings.csv
Node2Vec | emb only,RandomForest,0.4032 ± 0.0012,0.8975 ± 0.0009,0.6996 ± 0.0008,"423.0 (min=423, max=423)","423.0 (min=423, max=423)",0.8487 ± 0.0000,0.1513 ± 0.0000,64,node2vec_L1A_player_embeddings.csv
Node2Vec | emb only,Ridge,0.0750 ± 0.0000,1.1173 ± 0.0000,0.9225 ± 0.0000,"423.0 (min=423, max=423)","423.0 (min=423, max=423)",0.8487 ± 0.0000,0.1513 ± 0.0000,64,node2vec_L1A_player_embeddings.csv
Node2Vec | emb only | cold_start_2024,RandomForest,-0.5375 ± 0.0173,0.9631 ± 0.0054,0.7316 ± 0.0044,"64.0 (min=64, max=64)","64.0 (min=64, max=64)",0.0000 ± 0.0000,0.1513 ± 0.0000,64,node2vec_L1A_player_embeddings.csv
Node2Vec | emb only | cold_start_2024,Ridge,-1.1003 ± 0.0000,1.1257 ± 0.0000,0.8656 ± 0.0000,"64.0 (min=64, max=64)","64.0 (min=64, max=64)",0.0000 ± 0.0000,0.1513 ± 0.0000,64,node2vec_L1A_player_embeddings.csv
RotatE | L0' + emb,RandomForest,0.5859 ± 0.0019,0.7476 ± 0.0017,0.5896 ± 0.0019,"423.0 (min=423, max=423)","423.0 (min=423, max=423)",0.8487 ± 0.0000,0.1513 ± 0.0000,329,rotate_L1B_cpu_player_embeddings.csv
RotatE | L0' + emb,Ridge,0.5230 ± 0.0000,0.8023 ± 0.0000,0.6235 ± 0.0000,"423.0 (min=423, max=423)","423.0 (min=423, max=423)",0.8487 ± 0.0000,0.1513 ± 0.0000,329,rotate_L1B_cpu_player_embeddings.csv
RotatE | L0' + emb + time,RandomForest,0.5869 ± 0.0022,0.7467 ± 0.0020,0.5895 ± 0.0019,"423.0 (min=423, max=423)","423.0 (min=423, max=423)",0.8487 ± 0.0000,0.1513 ± 0.0000,331,rotate_L1B_cpu_player_embeddings.csv
RotatE | L0' + emb + time,Ridge,0.5247 ± 0.0000,0.8009 ± 0.0000,0.6207 ± 0.0000,"423.0 (min=423, max=423)","423.0 (min=423, max=423)",0.8487 ± 0.0000,0.1513 ± 0.0000,331,rotate_L1B_cpu_player_embeddings.csv
RotatE | L0' + emb + time | cold_start_2024,RandomForest,0.1109 ± 0.0078,0.7324 ± 0.0032,0.5421 ± 0.0043,"64.0 (min=64, max=64)","64.0 (min=64, max=64)",0.0000 ± 0.0000,0.1513 ± 0.0000,331,rotate_L1B_cpu_player_embeddings.csv
RotatE | L0' + emb + time | cold_start_2024,Ridge,-0.0747 ± 0.0000,0.8052 ± 0.0000,0.6055 ± 0.0000,"64.0 (min=64, max=64)","64.0 (min=64, max=64)",0.0000 ± 0.0000,0.1513 ± 0.0000,331,rotate_L1B_cpu_player_embeddings.csv
RotatE | L0' + emb | cold_start_2024,RandomForest,0.1044 ± 0.0094,0.7351 ± 0.0039,0.5450 ± 0.0037,"64.0 (min=64, max=64)","64.0 (min=64, max=64)",0.0000 ± 0.0000,0.1513 ± 0.0000,329,rotate_L1B_cpu_player_embeddings.csv
RotatE | L0' + emb | cold_start_2024,Ridge,-0.0891 ± 0.0000,0.8106 ± 0.0000,0.6078 ± 0.0000,"64.0 (min=64, max=64)","64.0 (min=64, max=64)",0.0000 ± 0.0000,0.1513 ± 0.0000,329,rotate_L1B_cpu_player_embeddings.csv
RotatE | emb only,RandomForest,0.3668 ± 0.0018,0.9244 ± 0.0013,0.7223 ± 0.0006,"423.0 (min=423, max=423)","423.0 (min=423, max=423)",0.8487 ± 0.0000,0.1513 ± 0.0000,256,rotate_L1B_cpu_player_embeddings.csv
RotatE | emb only,Ridge,0.0824 ± 0.0000,1.1128 ± 0.0000,0.9248 ± 0.0000,"423.0 (min=423, max=423)","423.0 (min=423, max=423)",0.8487 ± 0.0000,0.1513 ± 0.0000,256,rotate_L1B_cpu_player_embeddings.csv
RotatE | emb only | cold_start_2024,RandomForest,-0.8737 ± 0.0192,1.0632 ± 0.0055,0.8363 ± 0.0049,"64.0 (min=64, max=64)","64.0 (min=64, max=64)",0.0000 ± 0.0000,0.1513 ± 0.0000,256,rotate_L1B_cpu_player_embeddings.csv
RotatE | emb only | cold_start_2024,Ridge,-1.3558 ± 0.0000,1.1922 ± 0.0000,0.9677 ± 0.0000,"64.0 (min=64, max=64)","64.0 (min=64, max=64)",0.0000 ± 0.0000,0.1513 ± 0.0000,256,rotate_L1B_cpu_player_embeddings.csv
