source_id,target_id,relation_type,ps_season,award_year
4:14e49af8-fc14-4210-8dc9-d25f8a635f68:2653,4:14e49af8-fc14-4210-8dc9-d25f8a635f68:3290,WON_PREVIOUSLY,2024,2024
4:14e49af8-fc14-4210-8dc9-d25f8a635f68:719,4:14e49af8-fc14-4210-8dc9-d25f8a635f68:3290,WON_PREVIOUSLY,2021,2021
4:14e49af8-fc14-4210-8dc9-d25f8a635f68:720,4:14e49af8-fc14-4210-8dc9-d25f8a635f68:3290,WON_PREVIOUSLY,2022,2021
4:14e49af8-fc14-4210-8dc9-d25f8a635f68:721,4:14e49af8-fc14-4210-8dc9-d25f8a635f68:3290,WON_PREVIOUSLY,2023,2021
4:14e49af8-fc14-4210-8dc9-d25f8a635f68:722,4:14e49af8-fc14-4210-8dc9-d25f8a635f68:3290,WON_PREVIOUSLY,2024,2021
4:14e49af8-fc14-4210-8dc9-d25f8a635f68:723,4:14e49af8-fc14-4210-8dc9-d25f8a635f68:3290,WON_PREVIOUSLY,2020,2020
4:14e49af8-fc14-4210-8dc9-d25f8a635f68:724,4:14e49af8-fc14-4210-8dc9-d25f8a635f68:3290,WON_PREVIOUSLY,2021,2020
4:14e49af8-fc14-4210-8dc9-d25f8a635f68:725,4:14e49af8-fc14-4210-8dc9-d25f8a635f68:3290,WON_PREVIOUSLY,2022,2020
4:14e49af8-fc14-4210-8dc9-d25f8a635f68:726,4:14e49af8-fc14-4210-8dc9-d25f8a635f68:3290,WON_PREVIOUSLY,2023,2020
4:14e49af8-fc14-4210-8dc9-d25f8a635f68:727,4:14e49af8-fc14-4210-8dc9-d25f8a635f68:3290,WON_PREVIOUSLY,2024,2020
4:14e49af8-fc14-4210-8dc9-d25f8a635f68:724,4:14e49af8-fc14-4210-8dc9-d25f8a635f68:3290,WON_PREVIOUSLY,2021,2021
4:14e49af8-fc14-4210-8dc9-d25f8a635f68:725,4:14e49af8-fc14-4210-8dc9-d25f8a635f68:3290,WON_PREVIOUSLY,2022,2021
4:14e49af8-fc14-4210-8dc9-d25f8a635f68:726,4:14e49af8-fc14-4210-8dc9-d25f8a635f68:3290,WON_PREVIOUSLY,2023,2021
4:14e49af8-fc14-4210-8dc9-d25f8a635f68:727,4:14e49af8-fc14-4210-8dc9-d25f8a635f68:3290,WON_PREVIOUSLY,2024,2021
4:14e49af8-fc14-4210-8dc9-d25f8a635f68:725,4:14e49af8-fc14-4210-8dc9-d25f8a635f68:3290,WON_PREVIOUSLY,2022,2022
4:14e49af8-fc14-4210-8dc9-d25f8a635f68:726,4:14e49af8-fc14-4210-8dc9-d25f8a635f68:3290,WON_PREVIOUSLY,2023,2022
4:14e49af8-fc14-4210-8dc9-d25f8a635f68:727,4:14e49af8-fc14-4210-8dc9-d25f8a635f68:3290,WON_PREVIOUSLY,2024,2022
4:14e49af8-fc14-4210-8dc9-d25f8a635f68:787,4:14e49af8-fc14-4210-8dc9-d25f8a635f68:3290,WON_PREVIOUSLY,2020,2020
4:14e49af8-fc14-4210-8dc9-d25f8a635f68:788,4:14e49af8-fc14-4210-8dc9-d25f8a635f68:3290,WON_PREVIOUSLY,2022,2020
4:14e49af8-fc14-4210-8dc9-d25f8a635f68:789,4:14e49af8-fc14-4210-8dc9-d25f8a635f68:3290,WON_PREVIOUSLY,2023,2020
4:14e49af8-fc14-4210-8dc9-d25f8a635f68:790,4:14e49af8-fc14-4210-8dc9-d25f8a635f68:3290,WON_PREVIOUSLY,2024,2020
4:14e49af8-fc14-4210-8dc9-d25f8a635f68:788,4:14e49af8-fc14-4210-8dc9-d25f8a635f68:3290,WON_PREVIOUSLY,2022,2021
4:14e49af8-fc14-4210-8dc9-d25f8a635f68:789,4:14e49af8-fc14-4210-8dc9-d25f8a635f68:3290,WON_PREVIOUSLY,2023,2021
4:14e49af8-fc14-4210-8dc9-d25f8a635f68:790,4:14e49af8-fc14-4210-8dc9-d25f8a635f68:3290,WON_PREVIOUSLY,2024,2021
4:14e49af8-fc14-4210-8dc9-d25f8a635f68:851,4:14e49af8-fc14-4210-8dc9-d25f8a635f68:3290,WON_PREVIOUSLY,2020,2020
4:14e49af8-fc14-4210-8dc9-d25f8a635f68:852,4:14e49af8-fc14-4210-8dc9-d25f8a635f68:3290,WON_PREVIOUSLY,2021,2020
4:14e49af8-fc14-4210-8dc9-d25f8a635f68:853,4:14e49af8-fc14-4210-8dc9-d25f8a635f68:3290,WON_PREVIOUSLY,2022,2020
4:14e49af8-fc14-4210-8dc9-d25f8a635f68:854,4:14e49af8-fc14-4210-8dc9-d25f8a635f68:3290,WON_PREVIOUSLY,2023,2020
4:14e49af8-fc14-4210-8dc9-d25f8a635f68:855,4:14e49af8-fc14-4210-8dc9-d25f8a635f68:3290,WON_PREVIOUSLY,2024,2020
4:14e49af8-fc14-4210-8dc9-d25f8a635f68:855,4:14e49af8-fc14-4210-8dc9-d25f8a635f68:3290,WON_PREVIOUSLY,2024,2024
4:14e49af8-fc14-4210-8dc9-d25f8a635f68:862,4:14e49af8-fc14-4210-8dc9-d25f8a635f68:3290,WON_PREVIOUSLY,2021,2021
4:14e49af8-fc14-4210-8dc9-d25f8a635f68:863,4:14e49af8-fc14-4210-8dc9-d25f8a635f68:3290,WON_PREVIOUSLY,2022,2021
4:14e49af8-fc14-4210-8dc9-d25f8a635f68:864,4:14e49af8-fc14-4210-8dc9-d25f8a635f68:3290,WON_PREVIOUSLY,2023,2021
4:14e49af8-fc14-4210-8dc9-d25f8a635f68:865,4:14e49af8-fc14-4210-8dc9-d25f8a635f68:3290,WON_PREVIOUSLY,2024,2021
4:14e49af8-fc14-4210-8dc9-d25f8a635f68:952,4:14e49af8-fc14-4210-8dc9-d25f8a635f68:3290,WON_PREVIOUSLY,2020,2020
4:14e49af8-fc14-4210-8dc9-d25f8a635f68:953,4:14e49af8-fc14-4210-8dc9-d25f8a635f68:3290,WON_PREVIOUSLY,2021,2020
4:14e49af8-fc14-4210-8dc9-d25f8a635f68:954,4:14e49af8-fc14-4210-8dc9-d25f8a635f68:3290,WON_PREVIOUSLY,2022,2020
4:14e49af8-fc14-4210-8dc9-d25f8a635f68:955,4:14e49af8-fc14-4210-8dc9-d25f8a635f68:3290,WON_PREVIOUSLY,2023,2020
4:14e49af8-fc14-4210-8dc9-d25f8a635f68:956,4:14e49af8-fc14-4210-8dc9-d25f8a635f68:3290,WON_PREVIOUSLY,2024,2020
4:14e49af8-fc14-4210-8dc9-d25f8a635f68:953,4:14e49af8-fc14-4210-8dc9-d25f8a635f68:3290,WON_PREVIOUSLY,2021,2021
4:14e49af8-fc14-4210-8dc9-d25f8a635f68:954,4:14e49af8-fc14-4210-8dc9-d25f8a635f68:3290,WON_PREVIOUSLY,2022,2021
4:14e49af8-fc14-4210-8dc9-d25f8a635f68:955,4:14e49af8-fc14-4210-8dc9-d25f8a635f68:3290,WON_PREVIOUSLY,2023,2021
4:14e49af8-fc14-4210-8dc9-d25f8a635f68:956,4:14e49af8-fc14-4210-8dc9-d25f8a635f68:3290,WON_PREVIOUSLY,2024,2021
4:14e49af8-fc14-4210-8dc9-d25f8a635f68:954,4:14e49af8-fc14-4210-8dc9-d25f8a635f68:3290,WON_PREVIOUSLY,2022,2022
4:14e49af8-fc14-4210-8dc9-d25f8a635f68:955,4:14e49af8-fc14-4210-8dc9-d25f8a635f68:3290,WON_PREVIOUSLY,2023,2022
4:14e49af8-fc14-4210-8dc9-d25f8a635f68:956,4:14e49af8-fc14-4210-8dc9-d25f8a635f68:3290,WON_PREVIOUSLY,2024,2022
4:14e49af8-fc14-4210-8dc9-d25f8a635f68:955,4:14e49af8-fc14-4210-8dc9-d25f8a635f68:3290,WON_PREVIOUSLY,2023,2023
4:14e49af8-fc14-4210-8dc9-d25f8a635f68:956,4:14e49af8-fc14-4210-8dc9-d25f8a635f68:3290,WON_PREVIOUSLY,2024,2023
4:14e49af8-fc14-4210-8dc9-d25f8a635f68:956,4:14e49af8-fc14-4210-8dc9-d25f8a635f68:3290,WON_PREVIOUSLY,2024,2024
4:14e49af8-fc14-4210-8dc9-d25f8a635f68:977,4:14e49af8-fc14-4210-8dc9-d25f8a635f68:3290,WON_PREVIOUSLY,2021,2021
4:14e49af8-fc14-4210-8dc9-d25f8a635f68:978,4:14e49af8-fc14-4210-8dc9-d25f8a635f68:3290,WON_PREVIOUSLY,2022,2021
4:14e49af8-fc14-4210-8dc9-d25f8a635f68:979,4:14e49af8-fc14-4210-8dc9-d25f8a635f68:3290,WON_PREVIOUSLY,2023,2021
4:14e49af8-fc14-4210-8dc9-d25f8a635f68:980,4:14e49af8-fc14-4210-8dc9-d25f8a635f68:3290,WON_PREVIOUSLY,2024,2021
4:14e49af8-fc14-4210-8dc9-d25f8a635f68:978,4:14e49af8-fc14-4210-8dc9-d25f8a635f68:3290,WON_PREVIOUSLY,2022,2022
4:14e49af8-fc14-4210-8dc9-d25f8a635f68:979,4:14e49af8-fc14-4210-8dc9-d25f8a635f68:3290,WON_PREVIOUSLY,2023,2022
4:14e49af8-fc14-4210-8dc9-d25f8a635f68:980,4:14e49af8-fc14-4210-8dc9-d25f8a635f68:3290,WON_PREVIOUSLY,2024,2022
4:14e49af8-fc14-4210-8dc9-d25f8a635f68:979,4:14e49af8-fc14-4210-8dc9-d25f8a635f68:3290,WON_PREVIOUSLY,2023,2023
4:14e49af8-fc14-4210-8dc9-d25f8a635f68:980,4:14e49af8-fc14-4210-8dc9-d25f8a635f68:3290,WON_PREVIOUSLY,2024,2023
4:14e49af8-fc14-4210-8dc9-d25f8a635f68:980,4:14e49af8-fc14-4210-8dc9-d25f8a635f68:3290,WON_PREVIOUSLY,2024,2024
4:14e49af8-fc14-4210-8dc9-d25f8a635f68:1004,4:14e49af8-fc14-4210-8dc9-d25f8a635f68:3290,WON_PREVIOUSLY,2023,2023
4:14e49af8-fc14-4210-8dc9-d25f8a635f68:1005,4:14e49af8-fc14-4210-8dc9-d25f8a635f68:3290,WON_PREVIOUSLY,2024,2023
4:14e49af8-fc14-4210-8dc9-d25f8a635f68:1056,4:14e49af8-fc14-4210-8dc9-d25f8a635f68:3290,WON_PREVIOUSLY,2023,2023
4:14e49af8-fc14-4210-8dc9-d25f8a635f68:1057,4:14e49af8-fc14-4210-8dc9-d25f8a635f68:3290,WON_PREVIOUSLY,2024,2023
4:14e49af8-fc14-4210-8dc9-d25f8a635f68:1085,4:14e49af8-fc14-4210-8dc9-d25f8a635f68:3290,WON_PREVIOUSLY,2023,2023
4:14e49af8-fc14-4210-8dc9-d25f8a635f68:1086,4:14e49af8-fc14-4210-8dc9-d25f8a635f68:3290,WON_PREVIOUSLY,2024,2023
4:14e49af8-fc14-4210-8dc9-d25f8a635f68:1086,4:14e49af8-fc14-4210-8dc9-d25f8a635f68:3290,WON_PREVIOUSLY,2024,2024
4:14e49af8-fc14-4210-8dc9-d25f8a635f68:1136,4:14e49af8-fc14-4210-8dc9-d25f8a635f68:3290,WON_PREVIOUSLY,2022,2022
4:14e49af8-fc14-4210-8dc9-d25f8a635f68:1137,4:14e49af8-fc14-4210-8dc9-d25f8a635f68:3290,WON_PREVIOUSLY,2023,2022
4:14e49af8-fc14-4210-8dc9-d25f8a635f68:1138,4:14e49af8-fc14-4210-8dc9-d25f8a635f68:3290,WON_PREVIOUSLY,2024,2022
4:14e49af8-fc14-4210-8dc9-d25f8a635f68:1137,4:14e49af8-fc14-4210-8dc9-d25f8a635f68:3290,WON_PREVIOUSLY,2023,2023
4:14e49af8-fc14-4210-8dc9-d25f8a635f68:1138,4:14e49af8-fc14-4210-8dc9-d25f8a635f68:3290,WON_PREVIOUSLY,2024,2023
4:14e49af8-fc14-4210-8dc9-d25f8a635f68:1144,4:14e49af8-fc14-4210-8dc9-d25f8a635f68:3290,WON_PREVIOUSLY,2020,2020
4:14e49af8-fc14-4210-8dc9-d25f8a635f68:1145,4:14e49af8-fc14-4210-8dc9-d25f8a635f68:3290,WON_PREVIOUSLY,2021,2020
4:14e49af8-fc14-4210-8dc9-d25f8a635f68:1146,4:14e49af8-fc14-4210-8dc9-d25f8a635f68:3290,WON_PREVIOUSLY,2022,2020
4:14e49af8-fc14-4210-8dc9-d25f8a635f68:1147,4:14e49af8-fc14-4210-8dc9-d25f8a635f68:3290,WON_PREVIOUSLY,2023,2020
4:14e49af8-fc14-4210-8dc9-d25f8a635f68:1148,4:14e49af8-fc14-4210-8dc9-d25f8a635f68:3290,WON_PREVIOUSLY,2024,2020
4:14e49af8-fc14-4210-8dc9-d25f8a635f68:1145,4:14e49af8-fc14-4210-8dc9-d25f8a635f68:3290,WON_PREVIOUSLY,2021,2021
4:14e49af8-fc14-4210-8dc9-d25f8a635f68:1146,4:14e49af8-fc14-4210-8dc9-d25f8a635f68:3290,WON_PREVIOUSLY,2022,2021
4:14e49af8-fc14-4210-8dc9-d25f8a635f68:1147,4:14e49af8-fc14-4210-8dc9-d25f8a635f68:3290,WON_PREVIOUSLY,2023,2021
4:14e49af8-fc14-4210-8dc9-d25f8a635f68:1148,4:14e49af8-fc14-4210-8dc9-d25f8a635f68:3290,WON_PREVIOUSLY,2024,2021
4:14e49af8-fc14-4210-8dc9-d25f8a635f68:1146,4:14e49af8-fc14-4210-8dc9-d25f8a635f68:3290,WON_PREVIOUSLY,2022,2022
4:14e49af8-fc14-4210-8dc9-d25f8a635f68:1147,4:14e49af8-fc14-4210-8dc9-d25f8a635f68:3290,WON_PREVIOUSLY,2023,2022
4:14e49af8-fc14-4210-8dc9-d25f8a635f68:1148,4:14e49af8-fc14-4210-8dc9-d25f8a635f68:3290,WON_PREVIOUSLY,2024,2022
4:14e49af8-fc14-4210-8dc9-d25f8a635f68:1148,4:14e49af8-fc14-4210-8dc9-d25f8a635f68:3290,WON_PREVIOUSLY,2024,2024
4:14e49af8-fc14-4210-8dc9-d25f8a635f68:1149,4:14e49af8-fc14-4210-8dc9-d25f8a635f68:3290,WON_PREVIOUSLY,2020,2020
4:14e49af8-fc14-4210-8dc9-d25f8a635f68:1150,4:14e49af8-fc14-4210-8dc9-d25f8a635f68:3290,WON_PREVIOUSLY,2022,2020
4:14e49af8-fc14-4210-8dc9-d25f8a635f68:1151,4:14e49af8-fc14-4210-8dc9-d25f8a635f68:3290,WON_PREVIOUSLY,2023,2020
4:14e49af8-fc14-4210-8dc9-d25f8a635f68:1152,4:14e49af8-fc14-4210-8dc9-d25f8a635f68:3290,WON_PREVIOUSLY,2024,2020
4:14e49af8-fc14-4210-8dc9-d25f8a635f68:1150,4:14e49af8-fc14-4210-8dc9-d25f8a635f68:3290,WON_PREVIOUSLY,2022,2021
4:14e49af8-fc14-4210-8dc9-d25f8a635f68:1151,4:14e49af8-fc14-4210-8dc9-d25f8a635f68:3290,WON_PREVIOUSLY,2023,2021
4:14e49af8-fc14-4210-8dc9-d25f8a635f68:1152,4:14e49af8-fc14-4210-8dc9-d25f8a635f68:3290,WON_PREVIOUSLY,2024,2021
4:14e49af8-fc14-4210-8dc9-d25f8a635f68:1212,4:14e49af8-fc14-4210-8dc9-d25f8a635f68:3290,WON_PREVIOUSLY,2022,2022
4:14e49af8-fc14-4210-8dc9-d25f8a635f68:1213,4:14e49af8-fc14-4210-8dc9-d25f8a635f68:3290,WON_PREVIOUSLY,2023,2022
4:14e49af8-fc14-4210-8dc9-d25f8a635f68:1214,4:14e49af8-fc14-4210-8dc9-d25f8a635f68:3290,WON_PREVIOUSLY,2024,2022
4:14e49af8-fc14-4210-8dc9-d25f8a635f68:1234,4:14e49af8-fc14-4210-8dc9-d25f8a635f68:3290,WON_PREVIOUSLY,2020,2020
4:14e49af8-fc14-4210-8dc9-d25f8a635f68:1235,4:14e49af8-fc14-4210-8dc9-d25f8a635f68:3290,WON_PREVIOUSLY,2021,2020
4:14e49af8-fc14-4210-8dc9-d25f8a635f68:1236,4:14e49af8-fc14-4210-8dc9-d25f8a635f68:3290,WON_PREVIOUSLY,2022,2020
4:14e49af8-fc14-4210-8dc9-d25f8a635f68:1237,4:14e49af8-fc14-4210-8dc9-d25f8a635f68:3290,WON_PREVIOUSLY,2023,2020
4:14e49af8-fc14-4210-8dc9-d25f8a635f68:1238,4:14e49af8-fc14-4210-8dc9-d25f8a635f68:3290,WON_PREVIOUSLY,2024,2020
4:14e49af8-fc14-4210-8dc9-d25f8a635f68:1236,4:14e49af8-fc14-4210-8dc9-d25f8a635f68:3290,WON_PREVIOUSLY,2022,2022
4:14e49af8-fc14-4210-8dc9-d25f8a635f68:1237,4:14e49af8-fc14-4210-8dc9-d25f8a635f68:3290,WON_PREVIOUSLY,2023,2022
4:14e49af8-fc14-4210-8dc9-d25f8a635f68:1238,4:14e49af8-fc14-4210-8dc9-d25f8a635f68:3290,WON_PREVIOUSLY,2024,2022
4:14e49af8-fc14-4210-8dc9-d25f8a635f68:1315,4:14e49af8-fc14-4210-8dc9-d25f8a635f68:3290,WON_PREVIOUSLY,2020,2020
4:14e49af8-fc14-4210-8dc9-d25f8a635f68:1316,4:14e49af8-fc14-4210-8dc9-d25f8a635f68:3290,WON_PREVIOUSLY,2021,2020
4:14e49af8-fc14-4210-8dc9-d25f8a635f68:1317,4:14e49af8-fc14-4210-8dc9-d25f8a635f68:3290,WON_PREVIOUSLY,2022,2020
4:14e49af8-fc14-4210-8dc9-d25f8a635f68:1318,4:14e49af8-fc14-4210-8dc9-d25f8a635f68:3290,WON_PREVIOUSLY,2023,2020
4:14e49af8-fc14-4210-8dc9-d25f8a635f68:1319,4:14e49af8-fc14-4210-8dc9-d25f8a635f68:3290,WON_PREVIOUSLY,2024,2020
4:14e49af8-fc14-4210-8dc9-d25f8a635f68:1318,4:14e49af8-fc14-4210-8dc9-d25f8a635f68:3290,WON_PREVIOUSLY,2023,2023
4:14e49af8-fc14-4210-8dc9-d25f8a635f68:1319,4:14e49af8-fc14-4210-8dc9-d25f8a635f68:3290,WON_PREVIOUSLY,2024,2023
4:14e49af8-fc14-4210-8dc9-d25f8a635f68:1324,4:14e49af8-fc14-4210-8dc9-d25f8a635f68:3290,WON_PREVIOUSLY,2020,2020
4:14e49af8-fc14-4210-8dc9-d25f8a635f68:1325,4:14e49af8-fc14-4210-8dc9-d25f8a635f68:3290,WON_PREVIOUSLY,2021,2020
4:14e49af8-fc14-4210-8dc9-d25f8a635f68:1705,4:14e49af8-fc14-4210-8dc9-d25f8a635f68:3290,WON_PREVIOUSLY,2022,2022
4:14e49af8-fc14-4210-8dc9-d25f8a635f68:1706,4:14e49af8-fc14-4210-8dc9-d25f8a635f68:3290,WON_PREVIOUSLY,2024,2022
4:14e49af8-fc14-4210-8dc9-d25f8a635f68:1776,4:14e49af8-fc14-4210-8dc9-d25f8a635f68:3290,WON_PREVIOUSLY,2020,2020
4:14e49af8-fc14-4210-8dc9-d25f8a635f68:1777,4:14e49af8-fc14-4210-8dc9-d25f8a635f68:3290,WON_PREVIOUSLY,2021,2020
4:14e49af8-fc14-4210-8dc9-d25f8a635f68:1778,4:14e49af8-fc14-4210-8dc9-d25f8a635f68:3290,WON_PREVIOUSLY,2022,2020
4:14e49af8-fc14-4210-8dc9-d25f8a635f68:1779,4:14e49af8-fc14-4210-8dc9-d25f8a635f68:3290,WON_PREVIOUSLY,2023,2020
4:14e49af8-fc14-4210-8dc9-d25f8a635f68:1830,4:14e49af8-fc14-4210-8dc9-d25f8a635f68:3290,WON_PREVIOUSLY,2021,2021
4:14e49af8-fc14-4210-8dc9-d25f8a635f68:1831,4:14e49af8-fc14-4210-8dc9-d25f8a635f68:3290,WON_PREVIOUSLY,2022,2021
4:14e49af8-fc14-4210-8dc9-d25f8a635f68:1832,4:14e49af8-fc14-4210-8dc9-d25f8a635f68:3290,WON_PREVIOUSLY,2023,2021
4:14e49af8-fc14-4210-8dc9-d25f8a635f68:1833,4:14e49af8-fc14-4210-8dc9-d25f8a635f68:3290,WON_PREVIOUSLY,2024,2021
4:14e49af8-fc14-4210-8dc9-d25f8a635f68:1831,4:14e49af8-fc14-4210-8dc9-d25f8a635f68:3290,WON_PREVIOUSLY,2022,2022
4:14e49af8-fc14-4210-8dc9-d25f8a635f68:1832,4:14e49af8-fc14-4210-8dc9-d25f8a635f68:3290,WON_PREVIOUSLY,2023,2022
4:14e49af8-fc14-4210-8dc9-d25f8a635f68:1833,4:14e49af8-fc14-4210-8dc9-d25f8a635f68:3290,WON_PREVIOUSLY,2024,2022
4:14e49af8-fc14-4210-8dc9-d25f8a635f68:1832,4:14e49af8-fc14-4210-8dc9-d25f8a635f68:3290,WON_PREVIOUSLY,2023,2023
4:14e49af8-fc14-4210-8dc9-d25f8a635f68:1833,4:14e49af8-fc14-4210-8dc9-d25f8a635f68:3290,WON_PREVIOUSLY,2024,2023
4:14e49af8-fc14-4210-8dc9-d25f8a635f68:1885,4:14e49af8-fc14-4210-8dc9-d25f8a635f68:3290,WON_PREVIOUSLY,2024,2024
4:14e49af8-fc14-4210-8dc9-d25f8a635f68:1939,4:14e49af8-fc14-4210-8dc9-d25f8a635f68:3290,WON_PREVIOUSLY,2023,2023
4:14e49af8-fc14-4210-8dc9-d25f8a635f68:1940,4:14e49af8-fc14-4210-8dc9-d25f8a635f68:3290,WON_PREVIOUSLY,2024,2023
4:14e49af8-fc14-4210-8dc9-d25f8a635f68:1940,4:14e49af8-fc14-4210-8dc9-d25f8a635f68:3290,WON_PREVIOUSLY,2024,2024
4:14e49af8-fc14-4210-8dc9-d25f8a635f68:2189,4:14e49af8-fc14-4210-8dc9-d25f8a635f68:3290,WON_PREVIOUSLY,2021,2021
4:14e49af8-fc14-4210-8dc9-d25f8a635f68:2190,4:14e49af8-fc14-4210-8dc9-d25f8a635f68:3290,WON_PREVIOUSLY,2022,2021
4:14e49af8-fc14-4210-8dc9-d25f8a635f68:2191,4:14e49af8-fc14-4210-8dc9-d25f8a635f68:3290,WON_PREVIOUSLY,2023,2021
4:14e49af8-fc14-4210-8dc9-d25f8a635f68:2192,4:14e49af8-fc14-4210-8dc9-d25f8a635f68:3290,WON_PREVIOUSLY,2024,2021
4:14e49af8-fc14-4210-8dc9-d25f8a635f68:2190,4:14e49af8-fc14-4210-8dc9-d25f8a635f68:3290,WON_PREVIOUSLY,2022,2022
4:14e49af8-fc14-4210-8dc9-d25f8a635f68:2191,4:14e49af8-fc14-4210-8dc9-d25f8a635f68:3290,WON_PREVIOUSLY,2023,2022
4:14e49af8-fc14-4210-8dc9-d25f8a635f68:2192,4:14e49af8-fc14-4210-8dc9-d25f8a635f68:3290,WON_PREVIOUSLY,2024,2022
4:14e49af8-fc14-4210-8dc9-d25f8a635f68:2335,4:14e49af8-fc14-4210-8dc9-d25f8a635f68:3290,WON_PREVIOUSLY,2023,2023
4:14e49af8-fc14-4210-8dc9-d25f8a635f68:2336,4:14e49af8-fc14-4210-8dc9-d25f8a635f68:3290,WON_PREVIOUSLY,2024,2023
4:14e49af8-fc14-4210-8dc9-d25f8a635f68:2347,4:14e49af8-fc14-4210-8dc9-d25f8a635f68:3290,WON_PREVIOUSLY,2024,2024
4:14e49af8-fc14-4210-8dc9-d25f8a635f68:2371,4:14e49af8-fc14-4210-8dc9-d25f8a635f68:3290,WON_PREVIOUSLY,2024,2024
4:14e49af8-fc14-4210-8dc9-d25f8a635f68:704,4:14e49af8-fc14-4210-8dc9-d25f8a635f68:3291,WON_PREVIOUSLY,2021,2021
4:14e49af8-fc14-4210-8dc9-d25f8a635f68:705,4:14e49af8-fc14-4210-8dc9-d25f8a635f68:3291,WON_PREVIOUSLY,2022,2021
4:14e49af8-fc14-4210-8dc9-d25f8a635f68:706,4:14e49af8-fc14-4210-8dc9-d25f8a635f68:3291,WON_PREVIOUSLY,2023,2021
4:14e49af8-fc14-4210-8dc9-d25f8a635f68:707,4:14e49af8-fc14-4210-8dc9-d25f8a635f68:3291,WON_PREVIOUSLY,2024,2021
4:14e49af8-fc14-4210-8dc9-d25f8a635f68:705,4:14e49af8-fc14-4210-8dc9-d25f8a635f68:3291,WON_PREVIOUSLY,2022,2022
4:14e49af8-fc14-4210-8dc9-d25f8a635f68:706,4:14e49af8-fc14-4210-8dc9-d25f8a635f68:3291,WON_PREVIOUSLY,2023,2022
4:14e49af8-fc14-4210-8dc9-d25f8a635f68:707,4:14e49af8-fc14-4210-8dc9-d25f8a635f68:3291,WON_PREVIOUSLY,2024,2022
4:14e49af8-fc14-4210-8dc9-d25f8a635f68:706,4:14e49af8-fc14-4210-8dc9-d25f8a635f68:3291,WON_PREVIOUSLY,2023,2023
4:14e49af8-fc14-4210-8dc9-d25f8a635f68:707,4:14e49af8-fc14-4210-8dc9-d25f8a635f68:3291,WON_PREVIOUSLY,2024,2023
4:14e49af8-fc14-4210-8dc9-d25f8a635f68:707,4:14e49af8-fc14-4210-8dc9-d25f8a635f68:3291,WON_PREVIOUSLY,2024,2024
4:14e49af8-fc14-4210-8dc9-d25f8a635f68:709,4:14e49af8-fc14-4210-8dc9-d25f8a635f68:3291,WON_PREVIOUSLY,2021,2021
4:14e49af8-fc14-4210-8dc9-d25f8a635f68:710,4:14e49af8-fc14-4210-8dc9-d25f8a635f68:3291,WON_PREVIOUSLY,2022,2021
4:14e49af8-fc14-4210-8dc9-d25f8a635f68:711,4:14e49af8-fc14-4210-8dc9-d25f8a635f68:3291,WON_PREVIOUSLY,2023,2021
4:14e49af8-fc14-4210-8dc9-d25f8a635f68:712,4:14e49af8-fc14-4210-8dc9-d25f8a635f68:3291,WON_PREVIOUSLY,2024,2021
4:14e49af8-fc14-4210-8dc9-d25f8a635f68:713,4:14e49af8-fc14-4210-8dc9-d25f8a635f68:3291,WON_PREVIOUSLY,2020,2020
4:14e49af8-fc14-4210-8dc9-d25f8a635f68:714,4:14e49af8-fc14-4210-8dc9-d25f8a635f68:3291,WON_PREVIOUSLY,2021,2020
4:14e49af8-fc14-4210-8dc9-d25f8a635f68:715,4:14e49af8-fc14-4210-8dc9-d25f8a635f68:3291,WON_PREVIOUSLY,2022,2020
4:14e49af8-fc14-4210-8dc9-d25f8a635f68:716,4:14e49af8-fc14-4210-8dc9-d25f8a635f68:3291,WON_PREVIOUSLY,2023,2020
4:14e49af8-fc14-4210-8dc9-d25f8a635f68:717,4:14e49af8-fc14-4210-8dc9-d25f8a635f68:3291,WON_PREVIOUSLY,2024,2020
4:14e49af8-fc14-4210-8dc9-d25f8a635f68:714,4:14e49af8-fc14-4210-8dc9-d25f8a635f68:3291,WON_PREVIOUSLY,2021,2021
4:14e49af8-fc14-4210-8dc9-d25f8a635f68:715,4:14e49af8-fc14-4210-8dc9-d25f8a635f68:3291,WON_PREVIOUSLY,2022,2021
4:14e49af8-fc14-4210-8dc9-d25f8a635f68:716,4:14e49af8-fc14-4210-8dc9-d25f8a635f68:3291,WON_PREVIOUSLY,2023,2021
4:14e49af8-fc14-4210-8dc9-d25f8a635f68:717,4:14e49af8-fc14-4210-8dc9-d25f8a635f68:3291,WON_PREVIOUSLY,2024,2021
4:14e49af8-fc14-4210-8dc9-d25f8a635f68:716,4:14e49af8-fc14-4210-8dc9-d25f8a635f68:3291,WON_PREVIOUSLY,2023,2023
4:14e49af8-fc14-4210-8dc9-d25f8a635f68:717,4:14e49af8-fc14-4210-8dc9-d25f8a635f68:3291,WON_PREVIOUSLY,2024,2023
4:14e49af8-fc14-4210-8dc9-d25f8a635f68:719,4:14e49af8-fc14-4210-8dc9-d25f8a635f68:3291,WON_PREVIOUSLY,2021,2021
4:14e49af8-fc14-4210-8dc9-d25f8a635f68:720,4:14e49af8-fc14-4210-8dc9-d25f8a635f68:3291,WON_PREVIOUSLY,2022,2021
4:14e49af8-fc14-4210-8dc9-d25f8a635f68:721,4:14e49af8-fc14-4210-8dc9-d25f8a635f68:3291,WON_PREVIOUSLY,2023,2021
4:14e49af8-fc14-4210-8dc9-d25f8a635f68:722,4:14e49af8-fc14-4210-8dc9-d25f8a635f68:3291,WON_PREVIOUSLY,2024,2021
4:14e49af8-fc14-4210-8dc9-d25f8a635f68:720,4:14e49af8-fc14-4210-8dc9-d25f8a635f68:3291,WON_PREVIOUSLY,2022,2022
4:14e49af8-fc14-4210-8dc9-d25f8a635f68:721,4:14e49af8-fc14-4210-8dc9-d25f8a635f68:3291,WON_PREVIOUSLY,2023,2022
4:14e49af8-fc14-4210-8dc9-d25f8a635f68:722,4:14e49af8-fc14-4210-8dc9-d25f8a635f68:3291,WON_PREVIOUSLY,2024,2022
4:14e49af8-fc14-4210-8dc9-d25f8a635f68:721,4:14e49af8-fc14-4210-8dc9-d25f8a635f68:3291,WON_PREVIOUSLY,2023,2023
4:14e49af8-fc14-4210-8dc9-d25f8a635f68:722,4:14e49af8-fc14-4210-8dc9-d25f8a635f68:3291,WON_PREVIOUSLY,2024,2023
4:14e49af8-fc14-4210-8dc9-d25f8a635f68:723,4:14e49af8-fc14-4210-8dc9-d25f8a635f68:3291,WON_PREVIOUSLY,2020,2020
4:14e49af8-fc14-4210-8dc9-d25f8a635f68:724,4:14e49af8-fc14-4210-8dc9-d25f8a635f68:3291,WON_PREVIOUSLY,2021,2020
4:14e49af8-fc14-4210-8dc9-d25f8a635f68:725,4:14e49af8-fc14-4210-8dc9-d25f8a635f68:3291,WON_PREVIOUSLY,2022,2020
4:14e49af8-fc14-4210-8dc9-d25f8a635f68:726,4:14e49af8-fc14-4210-8dc9-d25f8a635f68:3291,WON_PREVIOUSLY,2023,2020
4:14e49af8-fc14-4210-8dc9-d25f8a635f68:727,4:14e49af8-fc14-4210-8dc9-d25f8a635f68:3291,WON_PREVIOUSLY,2024,2020
4:14e49af8-fc14-4210-8dc9-d25f8a635f68:724,4:14e49af8-fc14-4210-8dc9-d25f8a635f68:3291,WON_PREVIOUSLY,2021,2021
4:14e49af8-fc14-4210-8dc9-d25f8a635f68:725,4:14e49af8-fc14-4210-8dc9-d25f8a635f68:3291,WON_PREVIOUSLY,2022,2021
4:14e49af8-fc14-4210-8dc9-d25f8a635f68:726,4:14e49af8-fc14-4210-8dc9-d25f8a635f68:3291,WON_PREVIOUSLY,2023,2021
4:14e49af8-fc14-4210-8dc9-d25f8a635f68:727,4:14e49af8-fc14-4210-8dc9-d25f8a635f68:3291,WON_PREVIOUSLY,2024,2021
4:14e49af8-fc14-4210-8dc9-d25f8a635f68:725,4:14e49af8-fc14-4210-8dc9-d25f8a635f68:3291,WON_PREVIOUSLY,2022,2022
4:14e49af8-fc14-4210-8dc9-d25f8a635f68:726,4:14e49af8-fc14-4210-8dc9-d25f8a635f68:3291,WON_PREVIOUSLY,2023,2022
4:14e49af8-fc14-4210-8dc9-d25f8a635f68:727,4:14e49af8-fc14-4210-8dc9-d25f8a635f68:3291,WON_PREVIOUSLY,2024,2022
4:14e49af8-fc14-4210-8dc9-d25f8a635f68:726,4:14e49af8-fc14-4210-8dc9-d25f8a635f68:3291,WON_PREVIOUSLY,2023,2023
4:14e49af8-fc14-4210-8dc9-d25f8a635f68:727,4:14e49af8-fc14-4210-8dc9-d25f8a635f68:3291,WON_PREVIOUSLY,2024,2023
4:14e49af8-fc14-4210-8dc9-d25f8a635f68:727,4:14e49af8-fc14-4210-8dc9-d25f8a635f68:3291,WON_PREVIOUSLY,2024,2024
4:14e49af8-fc14-4210-8dc9-d25f8a635f68:728,4:14e49af8-fc14-4210-8dc9-d25f8a635f68:3291,WON_PREVIOUSLY,2020,2020
4:14e49af8-fc14-4210-8dc9-d25f8a635f68:729,4:14e49af8-fc14-4210-8dc9-d25f8a635f68:3291,WON_PREVIOUSLY,2021,2020
4:14e49af8-fc14-4210-8dc9-d25f8a635f68:730,4:14e49af8-fc14-4210-8dc9-d25f8a635f68:3291,WON_PREVIOUSLY,2022,2020
4:14e49af8-fc14-4210-8dc9-d25f8a635f68:731,4:14e49af8-fc14-4210-8dc9-d25f8a635f68:3291,WON_PREVIOUSLY,2023,2020
4:14e49af8-fc14-4210-8dc9-d25f8a635f68:732,4:14e49af8-fc14-4210-8dc9-d25f8a635f68:3291,WON_PREVIOUSLY,2024,2020
4:14e49af8-fc14-4210-8dc9-d25f8a635f68:729,4:14e49af8-fc14-4210-8dc9-d25f8a635f68:3291,WON_PREVIOUSLY,2021,2021
4:14e49af8-fc14-4210-8dc9-d25f8a635f68:730,4:14e49af8-fc14-4210-8dc9-d25f8a635f68:3291,WON_PREVIOUSLY,2022,2021
4:14e49af8-fc14-4210-8dc9-d25f8a635f68:731,4:14e49af8-fc14-4210-8dc9-d25f8a635f68:3291,WON_PREVIOUSLY,2023,2021
4:14e49af8-fc14-4210-8dc9-d25f8a635f68:732,4:14e49af8-fc14-4210-8dc9-d25f8a635f68:3291,WON_PREVIOUSLY,2024,2021
4:14e49af8-fc14-4210-8dc9-d25f8a635f68:730,4:14e49af8-fc14-4210-8dc9-d25f8a635f68:3291,WON_PREVIOUSLY,2022,2022
4:14e49af8-fc14-4210-8dc9-d25f8a635f68:731,4:14e49af8-fc14-4210-8dc9-d25f8a635f68:3291,WON_PREVIOUSLY,2023,2022
4:14e49af8-fc14-4210-8dc9-d25f8a635f68:732,4:14e49af8-fc14-4210-8dc9-d25f8a635f68:3291,WON_PREVIOUSLY,2024,2022
4:14e49af8-fc14-4210-8dc9-d25f8a635f68:731,4:14e49af8-fc14-4210-8dc9-d25f8a635f68:3291,WON_PREVIOUSLY,2023,2023
4:14e49af8-fc14-4210-8dc9-d25f8a635f68:732,4:14e49af8-fc14-4210-8dc9-d25f8a635f68:3291,WON_PREVIOUSLY,2024,2023
4:14e49af8-fc14-4210-8dc9-d25f8a635f68:732,4:14e49af8-fc14-4210-8dc9-d25f8a635f68:3291,WON_PREVIOUSLY,2024,2024
4:14e49af8-fc14-4210-8dc9-d25f8a635f68:744,4:14e49af8-fc14-4210-8dc9-d25f8a635f68:3291,WON_PREVIOUSLY,2022,2022
4:14e49af8-fc14-4210-8dc9-d25f8a635f68:745,4:14e49af8-fc14-4210-8dc9-d25f8a635f68:3291,WON_PREVIOUSLY,2023,2022
4:14e49af8-fc14-4210-8dc9-d25f8a635f68:746,4:14e49af8-fc14-4210-8dc9-d25f8a635f68:3291,WON_PREVIOUSLY,2024,2022
4:14e49af8-fc14-4210-8dc9-d25f8a635f68:746,4:14e49af8-fc14-4210-8dc9-d25f8a635f68:3291,WON_PREVIOUSLY,2024,2024
4:14e49af8-fc14-4210-8dc9-d25f8a635f68:748,4:14e49af8-fc14-4210-8dc9-d25f8a635f68:3291,WON_PREVIOUSLY,2021,2021
4:14e49af8-fc14-4210-8dc9-d25f8a635f68:749,4:14e49af8-fc14-4210-8dc9-d25f8a635f68:3291,WON_PREVIOUSLY,2022,2021
4:14e49af8-fc14-4210-8dc9-d25f8a635f68:750,4:14e49af8-fc14-4210-8dc9-d25f8a635f68:3291,WON_PREVIOUSLY,2023,2021
4:14e49af8-fc14-4210-8dc9-d25f8a635f68:751,4:14e49af8-fc14-4210-8dc9-d25f8a635f68:3291,WON_PREVIOUSLY,2024,2021
4:14e49af8-fc14-4210-8dc9-d25f8a635f68:752,4:14e49af8-fc14-4210-8dc9-d25f8a635f68:3291,WON_PREVIOUSLY,2020,2020
4:14e49af8-fc14-4210-8dc9-d25f8a635f68:753,4:14e49af8-fc14-4210-8dc9-d25f8a635f68:3291,WON_PREVIOUSLY,2021,2020
4:14e49af8-fc14-4210-8dc9-d25f8a635f68:754,4:14e49af8-fc14-4210-8dc9-d25f8a635f68:3291,WON_PREVIOUSLY,2022,2020
4:14e49af8-fc14-4210-8dc9-d25f8a635f68:755,4:14e49af8-fc14-4210-8dc9-d25f8a635f68:3291,WON_PREVIOUSLY,2023,2020
4:14e49af8-fc14-4210-8dc9-d25f8a635f68:756,4:14e49af8-fc14-4210-8dc9-d25f8a635f68:3291,WON_PREVIOUSLY,2024,2020
4:14e49af8-fc14-4210-8dc9-d25f8a635f68:754,4:14e49af8-fc14-4210-8dc9-d25f8a635f68:3291,WON_PREVIOUSLY,2022,2022
4:14e49af8-fc14-4210-8dc9-d25f8a635f68:755,4:14e49af8-fc14-4210-8dc9-d25f8a635f68:3291,WON_PREVIOUSLY,2023,2022
4:14e49af8-fc14-4210-8dc9-d25f8a635f68:756,4:14e49af8-fc14-4210-8dc9-d25f8a635f68:3291,WON_PREVIOUSLY,2024,2022
4:14e49af8-fc14-4210-8dc9-d25f8a635f68:755,4:14e49af8-fc14-4210-8dc9-d25f8a635f68:3291,WON_PREVIOUSLY,2023,2023
4:14e49af8-fc14-4210-8dc9-d25f8a635f68:756,4:14e49af8-fc14-4210-8dc9-d25f8a635f68:3291,WON_PREVIOUSLY,2024,2023
4:14e49af8-fc14-4210-8dc9-d25f8a635f68:756,4:14e49af8-fc14-4210-8dc9-d25f8a635f68:3291,WON_PREVIOUSLY,2024,2024
4:14e49af8-fc14-4210-8dc9-d25f8a635f68:760,4:14e49af8-fc14-4210-8dc9-d25f8a635f68:3291,WON_PREVIOUSLY,2023,2023
4:14e49af8-fc14-4210-8dc9-d25f8a635f68:761,4:14e49af8-fc14-4210-8dc9-d25f8a635f68:3291,WON_PREVIOUSLY,2024,2023
4:14e49af8-fc14-4210-8dc9-d25f8a635f68:762,4:14e49af8-fc14-4210-8dc9-d25f8a635f68:3291,WON_PREVIOUSLY,2020,2020
4:14e49af8-fc14-4210-8dc9-d25f8a635f68:763,4:14e49af8-fc14-4210-8dc9-d25f8a635f68:3291,WON_PREVIOUSLY,2021,2020
4:14e49af8-fc14-4210-8dc9-d25f8a635f68:764,4:14e49af8-fc14-4210-8dc9-d25f8a635f68:3291,WON_PREVIOUSLY,2022,2020
4:14e49af8-fc14-4210-8dc9-d25f8a635f68:765,4:14e49af8-fc14-4210-8dc9-d25f8a635f68:3291,WON_PREVIOUSLY,2023,2020
4:14e49af8-fc14-4210-8dc9-d25f8a635f68:766,4:14e49af8-fc14-4210-8dc9-d25f8a635f68:3291,WON_PREVIOUSLY,2024,2020
4:14e49af8-fc14-4210-8dc9-d25f8a635f68:763,4:14e49af8-fc14-4210-8dc9-d25f8a635f68:3291,WON_PREVIOUSLY,2021,2021
4:14e49af8-fc14-4210-8dc9-d25f8a635f68:764,4:14e49af8-fc14-4210-8dc9-d25f8a635f68:3291,WON_PREVIOUSLY,2022,2021
4:14e49af8-fc14-4210-8dc9-d25f8a635f68:765,4:14e49af8-fc14-4210-8dc9-d25f8a635f68:3291,WON_PREVIOUSLY,2023,2021
4:14e49af8-fc14-4210-8dc9-d25f8a635f68:766,4:14e49af8-fc14-4210-8dc9-d25f8a635f68:3291,WON_PREVIOUSLY,2024,2021
4:14e49af8-fc14-4210-8dc9-d25f8a635f68:764,4:14e49af8-fc14-4210-8dc9-d25f8a635f68:3291,WON_PREVIOUSLY,2022,2022
4:14e49af8-fc14-4210-8dc9-d25f8a635f68:765,4:14e49af8-fc14-4210-8dc9-d25f8a635f68:3291,WON_PREVIOUSLY,2023,2022
4:14e49af8-fc14-4210-8dc9-d25f8a635f68:766,4:14e49af8-fc14-4210-8dc9-d25f8a635f68:3291,WON_PREVIOUSLY,2024,2022
4:14e49af8-fc14-4210-8dc9-d25f8a635f68:765,4:14e49af8-fc14-4210-8dc9-d25f8a635f68:3291,WON_PREVIOUSLY,2023,2023
4:14e49af8-fc14-4210-8dc9-d25f8a635f68:766,4:14e49af8-fc14-4210-8dc9-d25f8a635f68:3291,WON_PREVIOUSLY,2024,2023
4:14e49af8-fc14-4210-8dc9-d25f8a635f68:766,4:14e49af8-fc14-4210-8dc9-d25f8a635f68:3291,WON_PREVIOUSLY,2024,2024
4:14e49af8-fc14-4210-8dc9-d25f8a635f68:769,4:14e49af8-fc14-4210-8dc9-d25f8a635f68:3291,WON_PREVIOUSLY,2022,2022
4:14e49af8-fc14-4210-8dc9-d25f8a635f68:770,4:14e49af8-fc14-4210-8dc9-d25f8a635f68:3291,WON_PREVIOUSLY,2023,2022
4:14e49af8-fc14-4210-8dc9-d25f8a635f68:771,4:14e49af8-fc14-4210-8dc9-d25f8a635f68:3291,WON_PREVIOUSLY,2024,2022
4:14e49af8-fc14-4210-8dc9-d25f8a635f68:771,4:14e49af8-fc14-4210-8dc9-d25f8a635f68:3291,WON_PREVIOUSLY,2024,2024
4:14e49af8-fc14-4210-8dc9-d25f8a635f68:774,4:14e49af8-fc14-4210-8dc9-d25f8a635f68:3291,WON_PREVIOUSLY,2022,2022
4:14e49af8-fc14-4210-8dc9-d25f8a635f68:775,4:14e49af8-fc14-4210-8dc9-d25f8a635f68:3291,WON_PREVIOUSLY,2023,2022
4:14e49af8-fc14-4210-8dc9-d25f8a635f68:776,4:14e49af8-fc14-4210-8dc9-d25f8a635f68:3291,WON_PREVIOUSLY,2024,2022
4:14e49af8-fc14-4210-8dc9-d25f8a635f68:780,4:14e49af8-fc14-4210-8dc9-d25f8a635f68:3291,WON_PREVIOUSLY,2023,2023
4:14e49af8-fc14-4210-8dc9-d25f8a635f68:781,4:14e49af8-fc14-4210-8dc9-d25f8a635f68:3291,WON_PREVIOUSLY,2024,2023
4:14e49af8-fc14-4210-8dc9-d25f8a635f68:782,4:14e49af8-fc14-4210-8dc9-d25f8a635f68:3291,WON_PREVIOUSLY,2020,2020
4:14e49af8-fc14-4210-8dc9-d25f8a635f68:783,4:14e49af8-fc14-4210-8dc9-d25f8a635f68:3291,WON_PREVIOUSLY,2021,2020
4:14e49af8-fc14-4210-8dc9-d25f8a635f68:784,4:14e49af8-fc14-4210-8dc9-d25f8a635f68:3291,WON_PREVIOUSLY,2022,2020
4:14e49af8-fc14-4210-8dc9-d25f8a635f68:785,4:14e49af8-fc14-4210-8dc9-d25f8a635f68:3291,WON_PREVIOUSLY,2023,2020
4:14e49af8-fc14-4210-8dc9-d25f8a635f68:786,4:14e49af8-fc14-4210-8dc9-d25f8a635f68:3291,WON_PREVIOUSLY,2024,2020
4:14e49af8-fc14-4210-8dc9-d25f8a635f68:783,4:14e49af8-fc14-4210-8dc9-d25f8a635f68:3291,WON_PREVIOUSLY,2021,2021
4:14e49af8-fc14-4210-8dc9-d25f8a635f68:784,4:14e49af8-fc14-4210-8dc9-d25f8a635f68:3291,WON_PREVIOUSLY,2022,2021
4:14e49af8-fc14-4210-8dc9-d25f8a635f68:785,4:14e49af8-fc14-4210-8dc9-d25f8a635f68:3291,WON_PREVIOUSLY,2023,2021
4:14e49af8-fc14-4210-8dc9-d25f8a635f68:786,4:14e49af8-fc14-4210-8dc9-d25f8a635f68:3291,WON_PREVIOUSLY,2024,2021
4:14e49af8-fc14-4210-8dc9-d25f8a635f68:784,4:14e49af8-fc14-4210-8dc9-d25f8a635f68:3291,WON_PREVIOUSLY,2022,2022
4:14e49af8-fc14-4210-8dc9-d25f8a635f68:785,4:14e49af8-fc14-4210-8dc9-d25f8a635f68:3291,WON_PREVIOUSLY,2023,2022
4:14e49af8-fc14-4210-8dc9-d25f8a635f68:786,4:14e49af8-fc14-4210-8dc9-d25f8a635f68:3291,WON_PREVIOUSLY,2024,2022
4:14e49af8-fc14-4210-8dc9-d25f8a635f68:785,4:14e49af8-fc14-4210-8dc9-d25f8a635f68:3291,WON_PREVIOUSLY,2023,2023
4:14e49af8-fc14-4210-8dc9-d25f8a635f68:786,4:14e49af8-fc14-4210-8dc9-d25f8a635f68:3291,WON_PREVIOUSLY,2024,2023
4:14e49af8-fc14-4210-8dc9-d25f8a635f68:786,4:14e49af8-fc14-4210-8dc9-d25f8a635f68:3291,WON_PREVIOUSLY,2024,2024
4:14e49af8-fc14-4210-8dc9-d25f8a635f68:787,4:14e49af8-fc14-4210-8dc9-d25f8a635f68:3291,WON_PREVIOUSLY,2020,2020
4:14e49af8-fc14-4210-8dc9-d25f8a635f68:788,4:14e49af8-fc14-4210-8dc9-d25f8a635f68:3291,WON_PREVIOUSLY,2022,2020
4:14e49af8-fc14-4210-8dc9-d25f8a635f68:789,4:14e49af8-fc14-4210-8dc9-d25f8a635f68:3291,WON_PREVIOUSLY,2023,2020
4:14e49af8-fc14-4210-8dc9-d25f8a635f68:790,4:14e49af8-fc14-4210-8dc9-d25f8a635f68:3291,WON_PREVIOUSLY,2024,2020
4:14e49af8-fc14-4210-8dc9-d25f8a635f68:788,4:14e49af8-fc14-4210-8dc9-d25f8a635f68:3291,WON_PREVIOUSLY,2022,2021
4:14e49af8-fc14-4210-8dc9-d25f8a635f68:789,4:14e49af8-fc14-4210-8dc9-d25f8a635f68:3291,WON_PREVIOUSLY,2023,2021
4:14e49af8-fc14-4210-8dc9-d25f8a635f68:790,4:14e49af8-fc14-4210-8dc9-d25f8a635f68:3291,WON_PREVIOUSLY,2024,2021
4:14e49af8-fc14-4210-8dc9-d25f8a635f68:790,4:14e49af8-fc14-4210-8dc9-d25f8a635f68:3291,WON_PREVIOUSLY,2024,2024
4:14e49af8-fc14-4210-8dc9-d25f8a635f68:793,4:14e49af8-fc14-4210-8dc9-d25f8a635f68:3291,WON_PREVIOUSLY,2022,2022
4:14e49af8-fc14-4210-8dc9-d25f8a635f68:794,4:14e49af8-fc14-4210-8dc9-d25f8a635f68:3291,WON_PREVIOUSLY,2023,2022
4:14e49af8-fc14-4210-8dc9-d25f8a635f68:795,4:14e49af8-fc14-4210-8dc9-d25f8a635f68:3291,WON_PREVIOUSLY,2024,2022
4:14e49af8-fc14-4210-8dc9-d25f8a635f68:799,4:14e49af8-fc14-4210-8dc9-d25f8a635f68:3291,WON_PREVIOUSLY,2023,2023
4:14e49af8-fc14-4210-8dc9-d25f8a635f68:800,4:14e49af8-fc14-4210-8dc9-d25f8a635f68:3291,WON_PREVIOUSLY,2024,2023
4:14e49af8-fc14-4210-8dc9-d25f8a635f68:801,4:14e49af8-fc14-4210-8dc9-d25f8a635f68:3291,WON_PREVIOUSLY,2020,2020
4:14e49af8-fc14-4210-8dc9-d25f8a635f68:802,4:14e49af8-fc14-4210-8dc9-d25f8a635f68:3291,WON_PREVIOUSLY,2021,2020
4:14e49af8-fc14-4210-8dc9-d25f8a635f68:803,4:14e49af8-fc14-4210-8dc9-d25f8a635f68:3291,WON_PREVIOUSLY,2022,2020
4:14e49af8-fc14-4210-8dc9-d25f8a635f68:804,4:14e49af8-fc14-4210-8dc9-d25f8a635f68:3291,WON_PREVIOUSLY,2023,2020
4:14e49af8-fc14-4210-8dc9-d25f8a635f68:805,4:14e49af8-fc14-4210-8dc9-d25f8a635f68:3291,WON_PREVIOUSLY,2024,2020
4:14e49af8-fc14-4210-8dc9-d25f8a635f68:812,4:14e49af8-fc14-4210-8dc9-d25f8a635f68:3291,WON_PREVIOUSLY,2021,2021
4:14e49af8-fc14-4210-8dc9-d25f8a635f68:813,4:14e49af8-fc14-4210-8dc9-d25f8a635f68:3291,WON_PREVIOUSLY,2022,2021
4:14e49af8-fc14-4210-8dc9-d25f8a635f68:814,4:14e49af8-fc14-4210-8dc9-d25f8a635f68:3291,WON_PREVIOUSLY,2023,2021
4:14e49af8-fc14-4210-8dc9-d25f8a635f68:815,4:14e49af8-fc14-4210-8dc9-d25f8a635f68:3291,WON_PREVIOUSLY,2024,2021
4:14e49af8-fc14-4210-8dc9-d25f8a635f68:814,4:14e49af8-fc14-4210-8dc9-d25f8a635f68:3291,WON_PREVIOUSLY,2023,2023
4:14e49af8-fc14-4210-8dc9-d25f8a635f68:815,4:14e49af8-fc14-4210-8dc9-d25f8a635f68:3291,WON_PREVIOUSLY,2024,2023
4:14e49af8-fc14-4210-8dc9-d25f8a635f68:824,4:14e49af8-fc14-4210-8dc9-d25f8a635f68:3291,WON_PREVIOUSLY,2023,2023
4:14e49af8-fc14-4210-8dc9-d25f8a635f68:825,4:14e49af8-fc14-4210-8dc9-d25f8a635f68:3291,WON_PREVIOUSLY,2024,2023
4:14e49af8-fc14-4210-8dc9-d25f8a635f68:825,4:14e49af8-fc14-4210-8dc9-d25f8a635f68:3291,WON_PREVIOUSLY,2024,2024
4:14e49af8-fc14-4210-8dc9-d25f8a635f68:832,4:14e49af8-fc14-4210-8dc9-d25f8a635f68:3291,WON_PREVIOUSLY,2021,2021
4:14e49af8-fc14-4210-8dc9-d25f8a635f68:833,4:14e49af8-fc14-4210-8dc9-d25f8a635f68:3291,WON_PREVIOUSLY,2022,2021
4:14e49af8-fc14-4210-8dc9-d25f8a635f68:834,4:14e49af8-fc14-4210-8dc9-d25f8a635f68:3291,WON_PREVIOUSLY,2023,2021
4:14e49af8-fc14-4210-8dc9-d25f8a635f68:835,4:14e49af8-fc14-4210-8dc9-d25f8a635f68:3291,WON_PREVIOUSLY,2024,2021
4:14e49af8-fc14-4210-8dc9-d25f8a635f68:846,4:14e49af8-fc14-4210-8dc9-d25f8a635f68:3291,WON_PREVIOUSLY,2020,2020
4:14e49af8-fc14-4210-8dc9-d25f8a635f68:847,4:14e49af8-fc14-4210-8dc9-d25f8a635f68:3291,WON_PREVIOUSLY,2021,2020
4:14e49af8-fc14-4210-8dc9-d25f8a635f68:848,4:14e49af8-fc14-4210-8dc9-d25f8a635f68:3291,WON_PREVIOUSLY,2022,2020
4:14e49af8-fc14-4210-8dc9-d25f8a635f68:849,4:14e49af8-fc14-4210-8dc9-d25f8a635f68:3291,WON_PREVIOUSLY,2023,2020
4:14e49af8-fc14-4210-8dc9-d25f8a635f68:850,4:14e49af8-fc14-4210-8dc9-d25f8a635f68:3291,WON_PREVIOUSLY,2024,2020
4:14e49af8-fc14-4210-8dc9-d25f8a635f68:851,4:14e49af8-fc14-4210-8dc9-d25f8a635f68:3291,WON_PREVIOUSLY,2020,2020
4:14e49af8-fc14-4210-8dc9-d25f8a635f68:852,4:14e49af8-fc14-4210-8dc9-d25f8a635f68:3291,WON_PREVIOUSLY,2021,2020
4:14e49af8-fc14-4210-8dc9-d25f8a635f68:853,4:14e49af8-fc14-4210-8dc9-d25f8a635f68:3291,WON_PREVIOUSLY,2022,2020
4:14e49af8-fc14-4210-8dc9-d25f8a635f68:854,4:14e49af8-fc14-4210-8dc9-d25f8a635f68:3291,WON_PREVIOUSLY,2023,2020
4:14e49af8-fc14-4210-8dc9-d25f8a635f68:855,4:14e49af8-fc14-4210-8dc9-d25f8a635f68:3291,WON_PREVIOUSLY,2024,2020
4:14e49af8-fc14-4210-8dc9-d25f8a635f68:855,4:14e49af8-fc14-4210-8dc9-d25f8a635f68:3291,WON_PREVIOUSLY,2024,2024
4:14e49af8-fc14-4210-8dc9-d25f8a635f68:858,4:14e49af8-fc14-4210-8dc9-d25f8a635f68:3291,WON_PREVIOUSLY,2022,2022
4:14e49af8-fc14-4210-8dc9-d25f8a635f68:859,4:14e49af8-fc14-4210-8dc9-d25f8a635f68:3291,WON_PREVIOUSLY,2023,2022
4:14e49af8-fc14-4210-8dc9-d25f8a635f68:860,4:14e49af8-fc14-4210-8dc9-d25f8a635f68:3291,WON_PREVIOUSLY,2024,2022
4:14e49af8-fc14-4210-8dc9-d25f8a635f68:861,4:14e49af8-fc14-4210-8dc9-d25f8a635f68:3291,WON_PREVIOUSLY,2020,2020
4:14e49af8-fc14-4210-8dc9-d25f8a635f68:862,4:14e49af8-fc14-4210-8dc9-d25f8a635f68:3291,WON_PREVIOUSLY,2021,2020
4:14e49af8-fc14-4210-8dc9-d25f8a635f68:863,4:14e49af8-fc14-4210-8dc9-d25f8a635f68:3291,WON_PREVIOUSLY,2022,2020
4:14e49af8-fc14-4210-8dc9-d25f8a635f68:864,4:14e49af8-fc14-4210-8dc9-d25f8a635f68:3291,WON_PREVIOUSLY,2023,2020
4:14e49af8-fc14-4210-8dc9-d25f8a635f68:865,4:14e49af8-fc14-4210-8dc9-d25f8a635f68:3291,WON_PREVIOUSLY,2024,2020
4:14e49af8-fc14-4210-8dc9-d25f8a635f68:862,4:14e49af8-fc14-4210-8dc9-d25f8a635f68:3291,WON_PREVIOUSLY,2021,2021
4:14e49af8-fc14-4210-8dc9-d25f8a635f68:863,4:14e49af8-fc14-4210-8dc9-d25f8a635f68:3291,WON_PREVIOUSLY,2022,2021
4:14e49af8-fc14-4210-8dc9-d25f8a635f68:864,4:14e49af8-fc14-4210-8dc9-d25f8a635f68:3291,WON_PREVIOUSLY,2023,2021
4:14e49af8-fc14-4210-8dc9-d25f8a635f68:865,4:14e49af8-fc14-4210-8dc9-d25f8a635f68:3291,WON_PREVIOUSLY,2024,2021
4:14e49af8-fc14-4210-8dc9-d25f8a635f68:864,4:14e49af8-fc14-4210-8dc9-d25f8a635f68:3291,WON_PREVIOUSLY,2023,2023
4:14e49af8-fc14-4210-8dc9-d25f8a635f68:865,4:14e49af8-fc14-4210-8dc9-d25f8a635f68:3291,WON_PREVIOUSLY,2024,2023
4:14e49af8-fc14-4210-8dc9-d25f8a635f68:866,4:14e49af8-fc14-4210-8dc9-d25f8a635f68:3291,WON_PREVIOUSLY,2020,2020
4:14e49af8-fc14-4210-8dc9-d25f8a635f68:867,4:14e49af8-fc14-4210-8dc9-d25f8a635f68:3291,WON_PREVIOUSLY,2021,2020
4:14e49af8-fc14-4210-8dc9-d25f8a635f68:868,4:14e49af8-fc14-4210-8dc9-d25f8a635f68:3291,WON_PREVIOUSLY,2022,2020
4:14e49af8-fc14-4210-8dc9-d25f8a635f68:869,4:14e49af8-fc14-4210-8dc9-d25f8a635f68:3291,WON_PREVIOUSLY,2023,2020
4:14e49af8-fc14-4210-8dc9-d25f8a635f68:870,4:14e49af8-fc14-4210-8dc9-d25f8a635f68:3291,WON_PREVIOUSLY,2024,2020
4:14e49af8-fc14-4210-8dc9-d25f8a635f68:868,4:14e49af8-fc14-4210-8dc9-d25f8a635f68:3291,WON_PREVIOUSLY,2022,2022
4:14e49af8-fc14-4210-8dc9-d25f8a635f68:869,4:14e49af8-fc14-4210-8dc9-d25f8a635f68:3291,WON_PREVIOUSLY,2023,2022
4:14e49af8-fc14-4210-8dc9-d25f8a635f68:870,4:14e49af8-fc14-4210-8dc9-d25f8a635f68:3291,WON_PREVIOUSLY,2024,2022
4:14e49af8-fc14-4210-8dc9-d25f8a635f68:899,4:14e49af8-fc14-4210-8dc9-d25f8a635f68:3291,WON_PREVIOUSLY,2023,2023
4:14e49af8-fc14-4210-8dc9-d25f8a635f68:900,4:14e49af8-fc14-4210-8dc9-d25f8a635f68:3291,WON_PREVIOUSLY,2024,2023
4:14e49af8-fc14-4210-8dc9-d25f8a635f68:900,4:14e49af8-fc14-4210-8dc9-d25f8a635f68:3291,WON_PREVIOUSLY,2024,2024
4:14e49af8-fc14-4210-8dc9-d25f8a635f68:936,4:14e49af8-fc14-4210-8dc9-d25f8a635f68:3291,WON_PREVIOUSLY,2024,2024
4:14e49af8-fc14-4210-8dc9-d25f8a635f68:941,4:14e49af8-fc14-4210-8dc9-d25f8a635f68:3291,WON_PREVIOUSLY,2022,2022
4:14e49af8-fc14-4210-8dc9-d25f8a635f68:942,4:14e49af8-fc14-4210-8dc9-d25f8a635f68:3291,WON_PREVIOUSLY,2024,2022
4:14e49af8-fc14-4210-8dc9-d25f8a635f68:1033,4:14e49af8-fc14-4210-8dc9-d25f8a635f68:3291,WON_PREVIOUSLY,2020,2020
4:14e49af8-fc14-4210-8dc9-d25f8a635f68:1034,4:14e49af8-fc14-4210-8dc9-d25f8a635f68:3291,WON_PREVIOUSLY,2021,2020
4:14e49af8-fc14-4210-8dc9-d25f8a635f68:1035,4:14e49af8-fc14-4210-8dc9-d25f8a635f68:3291,WON_PREVIOUSLY,2022,2020
4:14e49af8-fc14-4210-8dc9-d25f8a635f68:1036,4:14e49af8-fc14-4210-8dc9-d25f8a635f68:3291,WON_PREVIOUSLY,2023,2020
4:14e49af8-fc14-4210-8dc9-d25f8a635f68:1037,4:14e49af8-fc14-4210-8dc9-d25f8a635f68:3291,WON_PREVIOUSLY,2024,2020
4:14e49af8-fc14-4210-8dc9-d25f8a635f68:1034,4:14e49af8-fc14-4210-8dc9-d25f8a635f68:3291,WON_PREVIOUSLY,2021,2021
4:14e49af8-fc14-4210-8dc9-d25f8a635f68:1035,4:14e49af8-fc14-4210-8dc9-d25f8a635f68:3291,WON_PREVIOUSLY,2022,2021
4:14e49af8-fc14-4210-8dc9-d25f8a635f68:1036,4:14e49af8-fc14-4210-8dc9-d25f8a635f68:3291,WON_PREVIOUSLY,2023,2021
4:14e49af8-fc14-4210-8dc9-d25f8a635f68:1037,4:14e49af8-fc14-4210-8dc9-d25f8a635f68:3291,WON_PREVIOUSLY,2024,2021
4:14e49af8-fc14-4210-8dc9-d25f8a635f68:1035,4:14e49af8-fc14-4210-8dc9-d25f8a635f68:3291,WON_PREVIOUSLY,2022,2022
4:14e49af8-fc14-4210-8dc9-d25f8a635f68:1036,4:14e49af8-fc14-4210-8dc9-d25f8a635f68:3291,WON_PREVIOUSLY,2023,2022
4:14e49af8-fc14-4210-8dc9-d25f8a635f68:1037,4:14e49af8-fc14-4210-8dc9-d25f8a635f68:3291,WON_PREVIOUSLY,2024,2022
4:14e49af8-fc14-4210-8dc9-d25f8a635f68:1144,4:14e49af8-fc14-4210-8dc9-d25f8a635f68:3291,WON_PREVIOUSLY,2020,2020
4:14e49af8-fc14-4210-8dc9-d25f8a635f68:1145,4:14e49af8-fc14-4210-8dc9-d25f8a635f68:3291,WON_PREVIOUSLY,2021,2020
4:14e49af8-fc14-4210-8dc9-d25f8a635f68:1146,4:14e49af8-fc14-4210-8dc9-d25f8a635f68:3291,WON_PREVIOUSLY,2022,2020
4:14e49af8-fc14-4210-8dc9-d25f8a635f68:1147,4:14e49af8-fc14-4210-8dc9-d25f8a635f68:3291,WON_PREVIOUSLY,2023,2020
4:14e49af8-fc14-4210-8dc9-d25f8a635f68:1148,4:14e49af8-fc14-4210-8dc9-d25f8a635f68:3291,WON_PREVIOUSLY,2024,2020
4:14e49af8-fc14-4210-8dc9-d25f8a635f68:1145,4:14e49af8-fc14-4210-8dc9-d25f8a635f68:3291,WON_PREVIOUSLY,2021,2021
4:14e49af8-fc14-4210-8dc9-d25f8a635f68:1146,4:14e49af8-fc14-4210-8dc9-d25f8a635f68:3291,WON_PREVIOUSLY,2022,2021
4:14e49af8-fc14-4210-8dc9-d25f8a635f68:1147,4:14e49af8-fc14-4210-8dc9-d25f8a635f68:3291,WON_PREVIOUSLY,2023,2021
4:14e49af8-fc14-4210-8dc9-d25f8a635f68:1148,4:14e49af8-fc14-4210-8dc9-d25f8a635f68:3291,WON_PREVIOUSLY,2024,2021
4:14e49af8-fc14-4210-8dc9-d25f8a635f68:1149,4:14e49af8-fc14-4210-8dc9-d25f8a635f68:3291,WON_PREVIOUSLY,2020,2020
4:14e49af8-fc14-4210-8dc9-d25f8a635f68:1150,4:14e49af8-fc14-4210-8dc9-d25f8a635f68:3291,WON_PREVIOUSLY,2022,2020
4:14e49af8-fc14-4210-8dc9-d25f8a635f68:1151,4:14e49af8-fc14-4210-8dc9-d25f8a635f68:3291,WON_PREVIOUSLY,2023,2020
4:14e49af8-fc14-4210-8dc9-d25f8a635f68:1152,4:14e49af8-fc14-4210-8dc9-d25f8a635f68:3291,WON_PREVIOUSLY,2024,2020
4:14e49af8-fc14-4210-8dc9-d25f8a635f68:1243,4:14e49af8-fc14-4210-8dc9-d25f8a635f68:3291,WON_PREVIOUSLY,2024,2024
4:14e49af8-fc14-4210-8dc9-d25f8a635f68:1294,4:14e49af8-fc14-4210-8dc9-d25f8a635f68:3291,WON_PREVIOUSLY,2024,2024
4:14e49af8-fc14-4210-8dc9-d25f8a635f68:2526,4:14e49af8-fc14-4210-8dc9-d25f8a635f68:3292,WON_PREVIOUSLY,2023,2023
4:14e49af8-fc14-4210-8dc9-d25f8a635f68:2527,4:14e49af8-fc14-4210-8dc9-d25f8a635f68:3292,WON_PREVIOUSLY,2024,2023
4:14e49af8-fc14-4210-8dc9-d25f8a635f68:2529,4:14e49af8-fc14-4210-8dc9-d25f8a635f68:3292,WON_PREVIOUSLY,2023,2023
4:14e49af8-fc14-4210-8dc9-d25f8a635f68:2530,4:14e49af8-fc14-4210-8dc9-d25f8a635f68:3292,WON_PREVIOUSLY,2024,2023
4:14e49af8-fc14-4210-8dc9-d25f8a635f68:2532,4:14e49af8-fc14-4210-8dc9-d25f8a635f68:3292,WON_PREVIOUSLY,2023,2023
4:14e49af8-fc14-4210-8dc9-d25f8a635f68:2533,4:14e49af8-fc14-4210-8dc9-d25f8a635f68:3292,WON_PREVIOUSLY,2024,2023
4:14e49af8-fc14-4210-8dc9-d25f8a635f68:2535,4:14e49af8-fc14-4210-8dc9-d25f8a635f68:3292,WON_PREVIOUSLY,2023,2023
4:14e49af8-fc14-4210-8dc9-d25f8a635f68:2536,4:14e49af8-fc14-4210-8dc9-d25f8a635f68:3292,WON_PREVIOUSLY,2024,2023
4:14e49af8-fc14-4210-8dc9-d25f8a635f68:2538,4:14e49af8-fc14-4210-8dc9-d25f8a635f68:3292,WON_PREVIOUSLY,2023,2023
4:14e49af8-fc14-4210-8dc9-d25f8a635f68:2539,4:14e49af8-fc14-4210-8dc9-d25f8a635f68:3292,WON_PREVIOUSLY,2024,2023
4:14e49af8-fc14-4210-8dc9-d25f8a635f68:2541,4:14e49af8-fc14-4210-8dc9-d25f8a635f68:3292,WON_PREVIOUSLY,2023,2023
4:14e49af8-fc14-4210-8dc9-d25f8a635f68:2542,4:14e49af8-fc14-4210-8dc9-d25f8a635f68:3292,WON_PREVIOUSLY,2024,2023
4:14e49af8-fc14-4210-8dc9-d25f8a635f68:2544,4:14e49af8-fc14-4210-8dc9-d25f8a635f68:3292,WON_PREVIOUSLY,2023,2023
4:14e49af8-fc14-4210-8dc9-d25f8a635f68:2545,4:14e49af8-fc14-4210-8dc9-d25f8a635f68:3292,WON_PREVIOUSLY,2024,2023
4:14e49af8-fc14-4210-8dc9-d25f8a635f68:2558,4:14e49af8-fc14-4210-8dc9-d25f8a635f68:3292,WON_PREVIOUSLY,2023,2023
4:14e49af8-fc14-4210-8dc9-d25f8a635f68:2559,4:14e49af8-fc14-4210-8dc9-d25f8a635f68:3292,WON_PREVIOUSLY,2024,2023
4:14e49af8-fc14-4210-8dc9-d25f8a635f68:2561,4:14e49af8-fc14-4210-8dc9-d25f8a635f68:3292,WON_PREVIOUSLY,2023,2023
4:14e49af8-fc14-4210-8dc9-d25f8a635f68:2562,4:14e49af8-fc14-4210-8dc9-d25f8a635f68:3292,WON_PREVIOUSLY,2024,2023
4:14e49af8-fc14-4210-8dc9-d25f8a635f68:2564,4:14e49af8-fc14-4210-8dc9-d25f8a635f68:3292,WON_PREVIOUSLY,2023,2023
4:14e49af8-fc14-4210-8dc9-d25f8a635f68:2565,4:14e49af8-fc14-4210-8dc9-d25f8a635f68:3292,WON_PREVIOUSLY,2024,2023
4:14e49af8-fc14-4210-8dc9-d25f8a635f68:2653,4:14e49af8-fc14-4210-8dc9-d25f8a635f68:3292,WON_PREVIOUSLY,2024,2024
4:14e49af8-fc14-4210-8dc9-d25f8a635f68:2655,4:14e49af8-fc14-4210-8dc9-d25f8a635f68:3292,WON_PREVIOUSLY,2024,2024
4:14e49af8-fc14-4210-8dc9-d25f8a635f68:2657,4:14e49af8-fc14-4210-8dc9-d25f8a635f68:3292,WON_PREVIOUSLY,2024,2024
4:14e49af8-fc14-4210-8dc9-d25f8a635f68:2659,4:14e49af8-fc14-4210-8dc9-d25f8a635f68:3292,WON_PREVIOUSLY,2024,2024
4:14e49af8-fc14-4210-8dc9-d25f8a635f68:2663,4:14e49af8-fc14-4210-8dc9-d25f8a635f68:3292,WON_PREVIOUSLY,2024,2024
4:14e49af8-fc14-4210-8dc9-d25f8a635f68:2667,4:14e49af8-fc14-4210-8dc9-d25f8a635f68:3292,WON_PREVIOUSLY,2024,2024
4:14e49af8-fc14-4210-8dc9-d25f8a635f68:2669,4:14e49af8-fc14-4210-8dc9-d25f8a635f68:3292,WON_PREVIOUSLY,2024,2024
4:14e49af8-fc14-4210-8dc9-d25f8a635f68:2671,4:14e49af8-fc14-4210-8dc9-d25f8a635f68:3292,WON_PREVIOUSLY,2024,2024
4:14e49af8-fc14-4210-8dc9-d25f8a635f68:2677,4:14e49af8-fc14-4210-8dc9-d25f8a635f68:3292,WON_PREVIOUSLY,2024,2024
4:14e49af8-fc14-4210-8dc9-d25f8a635f68:2698,4:14e49af8-fc14-4210-8dc9-d25f8a635f68:3292,WON_PREVIOUSLY,2024,2024
4:14e49af8-fc14-4210-8dc9-d25f8a635f68:738,4:14e49af8-fc14-4210-8dc9-d25f8a635f68:3292,WON_PREVIOUSLY,2020,2020
4:14e49af8-fc14-4210-8dc9-d25f8a635f68:739,4:14e49af8-fc14-4210-8dc9-d25f8a635f68:3292,WON_PREVIOUSLY,2022,2020
4:14e49af8-fc14-4210-8dc9-d25f8a635f68:740,4:14e49af8-fc14-4210-8dc9-d25f8a635f68:3292,WON_PREVIOUSLY,2023,2020
4:14e49af8-fc14-4210-8dc9-d25f8a635f68:741,4:14e49af8-fc14-4210-8dc9-d25f8a635f68:3292,WON_PREVIOUSLY,2024,2020
4:14e49af8-fc14-4210-8dc9-d25f8a635f68:933,4:14e49af8-fc14-4210-8dc9-d25f8a635f68:3292,WON_PREVIOUSLY,2021,2021
4:14e49af8-fc14-4210-8dc9-d25f8a635f68:934,4:14e49af8-fc14-4210-8dc9-d25f8a635f68:3292,WON_PREVIOUSLY,2022,2021
4:14e49af8-fc14-4210-8dc9-d25f8a635f68:935,4:14e49af8-fc14-4210-8dc9-d25f8a635f68:3292,WON_PREVIOUSLY,2023,2021
4:14e49af8-fc14-4210-8dc9-d25f8a635f68:936,4:14e49af8-fc14-4210-8dc9-d25f8a635f68:3292,WON_PREVIOUSLY,2024,2021
4:14e49af8-fc14-4210-8dc9-d25f8a635f68:939,4:14e49af8-fc14-4210-8dc9-d25f8a635f68:3292,WON_PREVIOUSLY,2020,2020
4:14e49af8-fc14-4210-8dc9-d25f8a635f68:940,4:14e49af8-fc14-4210-8dc9-d25f8a635f68:3292,WON_PREVIOUSLY,2021,2020
4:14e49af8-fc14-4210-8dc9-d25f8a635f68:941,4:14e49af8-fc14-4210-8dc9-d25f8a635f68:3292,WON_PREVIOUSLY,2022,2020
4:14e49af8-fc14-4210-8dc9-d25f8a635f68:942,4:14e49af8-fc14-4210-8dc9-d25f8a635f68:3292,WON_PREVIOUSLY,2024,2020
4:14e49af8-fc14-4210-8dc9-d25f8a635f68:1059,4:14e49af8-fc14-4210-8dc9-d25f8a635f68:3292,WON_PREVIOUSLY,2021,2021
4:14e49af8-fc14-4210-8dc9-d25f8a635f68:1060,4:14e49af8-fc14-4210-8dc9-d25f8a635f68:3292,WON_PREVIOUSLY,2022,2021
4:14e49af8-fc14-4210-8dc9-d25f8a635f68:1061,4:14e49af8-fc14-4210-8dc9-d25f8a635f68:3292,WON_PREVIOUSLY,2023,2021
4:14e49af8-fc14-4210-8dc9-d25f8a635f68:1062,4:14e49af8-fc14-4210-8dc9-d25f8a635f68:3292,WON_PREVIOUSLY,2024,2021
4:14e49af8-fc14-4210-8dc9-d25f8a635f68:1097,4:14e49af8-fc14-4210-8dc9-d25f8a635f68:3292,WON_PREVIOUSLY,2020,2020
4:14e49af8-fc14-4210-8dc9-d25f8a635f68:1098,4:14e49af8-fc14-4210-8dc9-d25f8a635f68:3292,WON_PREVIOUSLY,2021,2020
4:14e49af8-fc14-4210-8dc9-d25f8a635f68:1099,4:14e49af8-fc14-4210-8dc9-d25f8a635f68:3292,WON_PREVIOUSLY,2022,2020
4:14e49af8-fc14-4210-8dc9-d25f8a635f68:1100,4:14e49af8-fc14-4210-8dc9-d25f8a635f68:3292,WON_PREVIOUSLY,2023,2020
4:14e49af8-fc14-4210-8dc9-d25f8a635f68:1101,4:14e49af8-fc14-4210-8dc9-d25f8a635f68:3292,WON_PREVIOUSLY,2024,2020
4:14e49af8-fc14-4210-8dc9-d25f8a635f68:1102,4:14e49af8-fc14-4210-8dc9-d25f8a635f68:3292,WON_PREVIOUSLY,2020,2020
4:14e49af8-fc14-4210-8dc9-d25f8a635f68:1103,4:14e49af8-fc14-4210-8dc9-d25f8a635f68:3292,WON_PREVIOUSLY,2021,2020
4:14e49af8-fc14-4210-8dc9-d25f8a635f68:1104,4:14e49af8-fc14-4210-8dc9-d25f8a635f68:3292,WON_PREVIOUSLY,2022,2020
4:14e49af8-fc14-4210-8dc9-d25f8a635f68:1105,4:14e49af8-fc14-4210-8dc9-d25f8a635f68:3292,WON_PREVIOUSLY,2023,2020
4:14e49af8-fc14-4210-8dc9-d25f8a635f68:1106,4:14e49af8-fc14-4210-8dc9-d25f8a635f68:3292,WON_PREVIOUSLY,2024,2020
4:14e49af8-fc14-4210-8dc9-d25f8a635f68:1127,4:14e49af8-fc14-4210-8dc9-d25f8a635f68:3292,WON_PREVIOUSLY,2020,2020
4:14e49af8-fc14-4210-8dc9-d25f8a635f68:1128,4:14e49af8-fc14-4210-8dc9-d25f8a635f68:3292,WON_PREVIOUSLY,2022,2020
4:14e49af8-fc14-4210-8dc9-d25f8a635f68:1177,4:14e49af8-fc14-4210-8dc9-d25f8a635f68:3292,WON_PREVIOUSLY,2020,2020
4:14e49af8-fc14-4210-8dc9-d25f8a635f68:1178,4:14e49af8-fc14-4210-8dc9-d25f8a635f68:3292,WON_PREVIOUSLY,2021,2020
4:14e49af8-fc14-4210-8dc9-d25f8a635f68:1179,4:14e49af8-fc14-4210-8dc9-d25f8a635f68:3292,WON_PREVIOUSLY,2022,2020
4:14e49af8-fc14-4210-8dc9-d25f8a635f68:1180,4:14e49af8-fc14-4210-8dc9-d25f8a635f68:3292,WON_PREVIOUSLY,2023,2020
4:14e49af8-fc14-4210-8dc9-d25f8a635f68:1181,4:14e49af8-fc14-4210-8dc9-d25f8a635f68:3292,WON_PREVIOUSLY,2024,2020
4:14e49af8-fc14-4210-8dc9-d25f8a635f68:1240,4:14e49af8-fc14-4210-8dc9-d25f8a635f68:3292,WON_PREVIOUSLY,2021,2021
4:14e49af8-fc14-4210-8dc9-d25f8a635f68:1241,4:14e49af8-fc14-4210-8dc9-d25f8a635f68:3292,WON_PREVIOUSLY,2022,2021
4:14e49af8-fc14-4210-8dc9-d25f8a635f68:1242,4:14e49af8-fc14-4210-8dc9-d25f8a635f68:3292,WON_PREVIOUSLY,2023,2021
4:14e49af8-fc14-4210-8dc9-d25f8a635f68:1243,4:14e49af8-fc14-4210-8dc9-d25f8a635f68:3292,WON_PREVIOUSLY,2024,2021
4:14e49af8-fc14-4210-8dc9-d25f8a635f68:1253,4:14e49af8-fc14-4210-8dc9-d25f8a635f68:3292,WON_PREVIOUSLY,2020,2020
4:14e49af8-fc14-4210-8dc9-d25f8a635f68:1254,4:14e49af8-fc14-4210-8dc9-d25f8a635f68:3292,WON_PREVIOUSLY,2021,2020
4:14e49af8-fc14-4210-8dc9-d25f8a635f68:1255,4:14e49af8-fc14-4210-8dc9-d25f8a635f68:3292,WON_PREVIOUSLY,2022,2020
4:14e49af8-fc14-4210-8dc9-d25f8a635f68:1256,4:14e49af8-fc14-4210-8dc9-d25f8a635f68:3292,WON_PREVIOUSLY,2023,2020
4:14e49af8-fc14-4210-8dc9-d25f8a635f68:1257,4:14e49af8-fc14-4210-8dc9-d25f8a635f68:3292,WON_PREVIOUSLY,2024,2020
4:14e49af8-fc14-4210-8dc9-d25f8a635f68:1321,4:14e49af8-fc14-4210-8dc9-d25f8a635f68:3292,WON_PREVIOUSLY,2021,2021
4:14e49af8-fc14-4210-8dc9-d25f8a635f68:1322,4:14e49af8-fc14-4210-8dc9-d25f8a635f68:3292,WON_PREVIOUSLY,2022,2021
4:14e49af8-fc14-4210-8dc9-d25f8a635f68:1323,4:14e49af8-fc14-4210-8dc9-d25f8a635f68:3292,WON_PREVIOUSLY,2023,2021
4:14e49af8-fc14-4210-8dc9-d25f8a635f68:1379,4:14e49af8-fc14-4210-8dc9-d25f8a635f68:3292,WON_PREVIOUSLY,2021,2021
4:14e49af8-fc14-4210-8dc9-d25f8a635f68:1380,4:14e49af8-fc14-4210-8dc9-d25f8a635f68:3292,WON_PREVIOUSLY,2022,2021
4:14e49af8-fc14-4210-8dc9-d25f8a635f68:1381,4:14e49af8-fc14-4210-8dc9-d25f8a635f68:3292,WON_PREVIOUSLY,2023,2021
4:14e49af8-fc14-4210-8dc9-d25f8a635f68:1382,4:14e49af8-fc14-4210-8dc9-d25f8a635f68:3292,WON_PREVIOUSLY,2024,2021
4:14e49af8-fc14-4210-8dc9-d25f8a635f68:1389,4:14e49af8-fc14-4210-8dc9-d25f8a635f68:3292,WON_PREVIOUSLY,2021,2021
4:14e49af8-fc14-4210-8dc9-d25f8a635f68:1390,4:14e49af8-fc14-4210-8dc9-d25f8a635f68:3292,WON_PREVIOUSLY,2022,2021
4:14e49af8-fc14-4210-8dc9-d25f8a635f68:1391,4:14e49af8-fc14-4210-8dc9-d25f8a635f68:3292,WON_PREVIOUSLY,2023,2021
4:14e49af8-fc14-4210-8dc9-d25f8a635f68:1392,4:14e49af8-fc14-4210-8dc9-d25f8a635f68:3292,WON_PREVIOUSLY,2024,2021
4:14e49af8-fc14-4210-8dc9-d25f8a635f68:1475,4:14e49af8-fc14-4210-8dc9-d25f8a635f68:3292,WON_PREVIOUSLY,2020,2020
4:14e49af8-fc14-4210-8dc9-d25f8a635f68:1476,4:14e49af8-fc14-4210-8dc9-d25f8a635f68:3292,WON_PREVIOUSLY,2021,2020
4:14e49af8-fc14-4210-8dc9-d25f8a635f68:1477,4:14e49af8-fc14-4210-8dc9-d25f8a635f68:3292,WON_PREVIOUSLY,2022,2020
4:14e49af8-fc14-4210-8dc9-d25f8a635f68:1478,4:14e49af8-fc14-4210-8dc9-d25f8a635f68:3292,WON_PREVIOUSLY,2024,2020
4:14e49af8-fc14-4210-8dc9-d25f8a635f68:1529,4:14e49af8-fc14-4210-8dc9-d25f8a635f68:3292,WON_PREVIOUSLY,2021,2021
4:14e49af8-fc14-4210-8dc9-d25f8a635f68:1530,4:14e49af8-fc14-4210-8dc9-d25f8a635f68:3292,WON_PREVIOUSLY,2022,2021
4:14e49af8-fc14-4210-8dc9-d25f8a635f68:1531,4:14e49af8-fc14-4210-8dc9-d25f8a635f68:3292,WON_PREVIOUSLY,2023,2021
4:14e49af8-fc14-4210-8dc9-d25f8a635f68:1532,4:14e49af8-fc14-4210-8dc9-d25f8a635f68:3292,WON_PREVIOUSLY,2024,2021
4:14e49af8-fc14-4210-8dc9-d25f8a635f68:1540,4:14e49af8-fc14-4210-8dc9-d25f8a635f68:3292,WON_PREVIOUSLY,2020,2020
4:14e49af8-fc14-4210-8dc9-d25f8a635f68:1541,4:14e49af8-fc14-4210-8dc9-d25f8a635f68:3292,WON_PREVIOUSLY,2021,2020
4:14e49af8-fc14-4210-8dc9-d25f8a635f68:1575,4:14e49af8-fc14-4210-8dc9-d25f8a635f68:3292,WON_PREVIOUSLY,2021,2021
4:14e49af8-fc14-4210-8dc9-d25f8a635f68:1576,4:14e49af8-fc14-4210-8dc9-d25f8a635f68:3292,WON_PREVIOUSLY,2022,2021
4:14e49af8-fc14-4210-8dc9-d25f8a635f68:1577,4:14e49af8-fc14-4210-8dc9-d25f8a635f68:3292,WON_PREVIOUSLY,2023,2021
4:14e49af8-fc14-4210-8dc9-d25f8a635f68:1578,4:14e49af8-fc14-4210-8dc9-d25f8a635f68:3292,WON_PREVIOUSLY,2024,2021
4:14e49af8-fc14-4210-8dc9-d25f8a635f68:1582,4:14e49af8-fc14-4210-8dc9-d25f8a635f68:3292,WON_PREVIOUSLY,2021,2021
4:14e49af8-fc14-4210-8dc9-d25f8a635f68:1583,4:14e49af8-fc14-4210-8dc9-d25f8a635f68:3292,WON_PREVIOUSLY,2022,2021
4:14e49af8-fc14-4210-8dc9-d25f8a635f68:1584,4:14e49af8-fc14-4210-8dc9-d25f8a635f68:3292,WON_PREVIOUSLY,2023,2021
4:14e49af8-fc14-4210-8dc9-d25f8a635f68:1585,4:14e49af8-fc14-4210-8dc9-d25f8a635f68:3292,WON_PREVIOUSLY,2024,2021
4:14e49af8-fc14-4210-8dc9-d25f8a635f68:1631,4:14e49af8-fc14-4210-8dc9-d25f8a635f68:3292,WON_PREVIOUSLY,2020,2020
4:14e49af8-fc14-4210-8dc9-d25f8a635f68:1632,4:14e49af8-fc14-4210-8dc9-d25f8a635f68:3292,WON_PREVIOUSLY,2021,2020
4:14e49af8-fc14-4210-8dc9-d25f8a635f68:1633,4:14e49af8-fc14-4210-8dc9-d25f8a635f68:3292,WON_PREVIOUSLY,2022,2020
4:14e49af8-fc14-4210-8dc9-d25f8a635f68:1726,4:14e49af8-fc14-4210-8dc9-d25f8a635f68:3292,WON_PREVIOUSLY,2021,2021
4:14e49af8-fc14-4210-8dc9-d25f8a635f68:1727,4:14e49af8-fc14-4210-8dc9-d25f8a635f68:3292,WON_PREVIOUSLY,2022,2021
4:14e49af8-fc14-4210-8dc9-d25f8a635f68:1728,4:14e49af8-fc14-4210-8dc9-d25f8a635f68:3292,WON_PREVIOUSLY,2023,2021
4:14e49af8-fc14-4210-8dc9-d25f8a635f68:1729,4:14e49af8-fc14-4210-8dc9-d25f8a635f68:3292,WON_PREVIOUSLY,2024,2021
4:14e49af8-fc14-4210-8dc9-d25f8a635f68:2318,4:14e49af8-fc14-4210-8dc9-d25f8a635f68:3292,WON_PREVIOUSLY,2022,2022
4:14e49af8-fc14-4210-8dc9-d25f8a635f68:2319,4:14e49af8-fc14-4210-8dc9-d25f8a635f68:3292,WON_PREVIOUSLY,2023,2022
4:14e49af8-fc14-4210-8dc9-d25f8a635f68:2320,4:14e49af8-fc14-4210-8dc9-d25f8a635f68:3292,WON_PREVIOUSLY,2024,2022
4:14e49af8-fc14-4210-8dc9-d25f8a635f68:2322,4:14e49af8-fc14-4210-8dc9-d25f8a635f68:3292,WON_PREVIOUSLY,2022,2022
4:14e49af8-fc14-4210-8dc9-d25f8a635f68:2323,4:14e49af8-fc14-4210-8dc9-d25f8a635f68:3292,WON_PREVIOUSLY,2023,2022
4:14e49af8-fc14-4210-8dc9-d25f8a635f68:2324,4:14e49af8-fc14-4210-8dc9-d25f8a635f68:3292,WON_PREVIOUSLY,2024,2022
4:14e49af8-fc14-4210-8dc9-d25f8a635f68:2326,4:14e49af8-fc14-4210-8dc9-d25f8a635f68:3292,WON_PREVIOUSLY,2022,2022
4:14e49af8-fc14-4210-8dc9-d25f8a635f68:2327,4:14e49af8-fc14-4210-8dc9-d25f8a635f68:3292,WON_PREVIOUSLY,2023,2022
4:14e49af8-fc14-4210-8dc9-d25f8a635f68:2328,4:14e49af8-fc14-4210-8dc9-d25f8a635f68:3292,WON_PREVIOUSLY,2024,2022
4:14e49af8-fc14-4210-8dc9-d25f8a635f68:2330,4:14e49af8-fc14-4210-8dc9-d25f8a635f68:3292,WON_PREVIOUSLY,2022,2022
4:14e49af8-fc14-4210-8dc9-d25f8a635f68:2331,4:14e49af8-fc14-4210-8dc9-d25f8a635f68:3292,WON_PREVIOUSLY,2023,2022
4:14e49af8-fc14-4210-8dc9-d25f8a635f68:2332,4:14e49af8-fc14-4210-8dc9-d25f8a635f68:3292,WON_PREVIOUSLY,2024,2022
4:14e49af8-fc14-4210-8dc9-d25f8a635f68:2334,4:14e49af8-fc14-4210-8dc9-d25f8a635f68:3292,WON_PREVIOUSLY,2022,2022
4:14e49af8-fc14-4210-8dc9-d25f8a635f68:2335,4:14e49af8-fc14-4210-8dc9-d25f8a635f68:3292,WON_PREVIOUSLY,2023,2022
4:14e49af8-fc14-4210-8dc9-d25f8a635f68:2336,4:14e49af8-fc14-4210-8dc9-d25f8a635f68:3292,WON_PREVIOUSLY,2024,2022
4:14e49af8-fc14-4210-8dc9-d25f8a635f68:2338,4:14e49af8-fc14-4210-8dc9-d25f8a635f68:3292,WON_PREVIOUSLY,2022,2022
4:14e49af8-fc14-4210-8dc9-d25f8a635f68:2339,4:14e49af8-fc14-4210-8dc9-d25f8a635f68:3292,WON_PREVIOUSLY,2023,2022
4:14e49af8-fc14-4210-8dc9-d25f8a635f68:2341,4:14e49af8-fc14-4210-8dc9-d25f8a635f68:3292,WON_PREVIOUSLY,2022,2022
4:14e49af8-fc14-4210-8dc9-d25f8a635f68:2342,4:14e49af8-fc14-4210-8dc9-d25f8a635f68:3292,WON_PREVIOUSLY,2023,2022
4:14e49af8-fc14-4210-8dc9-d25f8a635f68:2343,4:14e49af8-fc14-4210-8dc9-d25f8a635f68:3292,WON_PREVIOUSLY,2024,2022
4:14e49af8-fc14-4210-8dc9-d25f8a635f68:2357,4:14e49af8-fc14-4210-8dc9-d25f8a635f68:3292,WON_PREVIOUSLY,2022,2022
4:14e49af8-fc14-4210-8dc9-d25f8a635f68:2358,4:14e49af8-fc14-4210-8dc9-d25f8a635f68:3292,WON_PREVIOUSLY,2023,2022
4:14e49af8-fc14-4210-8dc9-d25f8a635f68:2359,4:14e49af8-fc14-4210-8dc9-d25f8a635f68:3292,WON_PREVIOUSLY,2024,2022
4:14e49af8-fc14-4210-8dc9-d25f8a635f68:2369,4:14e49af8-fc14-4210-8dc9-d25f8a635f68:3292,WON_PREVIOUSLY,2022,2022
4:14e49af8-fc14-4210-8dc9-d25f8a635f68:2370,4:14e49af8-fc14-4210-8dc9-d25f8a635f68:3292,WON_PREVIOUSLY,2023,2022
4:14e49af8-fc14-4210-8dc9-d25f8a635f68:2371,4:14e49af8-fc14-4210-8dc9-d25f8a635f68:3292,WON_PREVIOUSLY,2024,2022
4:14e49af8-fc14-4210-8dc9-d25f8a635f68:2377,4:14e49af8-fc14-4210-8dc9-d25f8a635f68:3292,WON_PREVIOUSLY,2022,2022
4:14e49af8-fc14-4210-8dc9-d25f8a635f68:2378,4:14e49af8-fc14-4210-8dc9-d25f8a635f68:3292,WON_PREVIOUSLY,2023,2022
4:14e49af8-fc14-4210-8dc9-d25f8a635f68:2379,4:14e49af8-fc14-4210-8dc9-d25f8a635f68:3292,WON_PREVIOUSLY,2024,2022
4:14e49af8-fc14-4210-8dc9-d25f8a635f68:705,4:14e49af8-fc14-4210-8dc9-d25f8a635f68:3293,WON_PREVIOUSLY,2022,2022
4:14e49af8-fc14-4210-8dc9-d25f8a635f68:706,4:14e49af8-fc14-4210-8dc9-d25f8a635f68:3293,WON_PREVIOUSLY,2023,2022
4:14e49af8-fc14-4210-8dc9-d25f8a635f68:707,4:14e49af8-fc14-4210-8dc9-d25f8a635f68:3293,WON_PREVIOUSLY,2024,2022
4:14e49af8-fc14-4210-8dc9-d25f8a635f68:717,4:14e49af8-fc14-4210-8dc9-d25f8a635f68:3293,WON_PREVIOUSLY,2024,2024
4:14e49af8-fc14-4210-8dc9-d25f8a635f68:724,4:14e49af8-fc14-4210-8dc9-d25f8a635f68:3293,WON_PREVIOUSLY,2021,2021
4:14e49af8-fc14-4210-8dc9-d25f8a635f68:725,4:14e49af8-fc14-4210-8dc9-d25f8a635f68:3293,WON_PREVIOUSLY,2022,2021
4:14e49af8-fc14-4210-8dc9-d25f8a635f68:726,4:14e49af8-fc14-4210-8dc9-d25f8a635f68:3293,WON_PREVIOUSLY,2023,2021
4:14e49af8-fc14-4210-8dc9-d25f8a635f68:727,4:14e49af8-fc14-4210-8dc9-d25f8a635f68:3293,WON_PREVIOUSLY,2024,2021
4:14e49af8-fc14-4210-8dc9-d25f8a635f68:755,4:14e49af8-fc14-4210-8dc9-d25f8a635f68:3293,WON_PREVIOUSLY,2023,2023
4:14e49af8-fc14-4210-8dc9-d25f8a635f68:756,4:14e49af8-fc14-4210-8dc9-d25f8a635f68:3293,WON_PREVIOUSLY,2024,2023
4:14e49af8-fc14-4210-8dc9-d25f8a635f68:787,4:14e49af8-fc14-4210-8dc9-d25f8a635f68:3293,WON_PREVIOUSLY,2020,2020
4:14e49af8-fc14-4210-8dc9-d25f8a635f68:788,4:14e49af8-fc14-4210-8dc9-d25f8a635f68:3293,WON_PREVIOUSLY,2022,2020
4:14e49af8-fc14-4210-8dc9-d25f8a635f68:789,4:14e49af8-fc14-4210-8dc9-d25f8a635f68:3293,WON_PREVIOUSLY,2023,2020
4:14e49af8-fc14-4210-8dc9-d25f8a635f68:790,4:14e49af8-fc14-4210-8dc9-d25f8a635f68:3293,WON_PREVIOUSLY,2024,2020
4:14e49af8-fc14-4210-8dc9-d25f8a635f68:723,4:14e49af8-fc14-4210-8dc9-d25f8a635f68:3294,WON_PREVIOUSLY,2020,2020
4:14e49af8-fc14-4210-8dc9-d25f8a635f68:724,4:14e49af8-fc14-4210-8dc9-d25f8a635f68:3294,WON_PREVIOUSLY,2021,2020
4:14e49af8-fc14-4210-8dc9-d25f8a635f68:725,4:14e49af8-fc14-4210-8dc9-d25f8a635f68:3294,WON_PREVIOUSLY,2022,2020
4:14e49af8-fc14-4210-8dc9-d25f8a635f68:726,4:14e49af8-fc14-4210-8dc9-d25f8a635f68:3294,WON_PREVIOUSLY,2023,2020
4:14e49af8-fc14-4210-8dc9-d25f8a635f68:727,4:14e49af8-fc14-4210-8dc9-d25f8a635f68:3294,WON_PREVIOUSLY,2024,2020
4:14e49af8-fc14-4210-8dc9-d25f8a635f68:1137,4:14e49af8-fc14-4210-8dc9-d25f8a635f68:3294,WON_PREVIOUSLY,2023,2023
4:14e49af8-fc14-4210-8dc9-d25f8a635f68:1138,4:14e49af8-fc14-4210-8dc9-d25f8a635f68:3294,WON_PREVIOUSLY,2024,2023
4:14e49af8-fc14-4210-8dc9-d25f8a635f68:1145,4:14e49af8-fc14-4210-8dc9-d25f8a635f68:3294,WON_PREVIOUSLY,2021,2021
4:14e49af8-fc14-4210-8dc9-d25f8a635f68:1146,4:14e49af8-fc14-4210-8dc9-d25f8a635f68:3294,WON_PREVIOUSLY,2022,2021
4:14e49af8-fc14-4210-8dc9-d25f8a635f68:1147,4:14e49af8-fc14-4210-8dc9-d25f8a635f68:3294,WON_PREVIOUSLY,2023,2021
4:14e49af8-fc14-4210-8dc9-d25f8a635f68:1148,4:14e49af8-fc14-4210-8dc9-d25f8a635f68:3294,WON_PREVIOUSLY,2024,2021
4:14e49af8-fc14-4210-8dc9-d25f8a635f68:1148,4:14e49af8-fc14-4210-8dc9-d25f8a635f68:3294,WON_PREVIOUSLY,2024,2024
4:14e49af8-fc14-4210-8dc9-d25f8a635f68:1236,4:14e49af8-fc14-4210-8dc9-d25f8a635f68:3294,WON_PREVIOUSLY,2022,2022
4:14e49af8-fc14-4210-8dc9-d25f8a635f68:1237,4:14e49af8-fc14-4210-8dc9-d25f8a635f68:3294,WON_PREVIOUSLY,2023,2022
4:14e49af8-fc14-4210-8dc9-d25f8a635f68:1238,4:14e49af8-fc14-4210-8dc9-d25f8a635f68:3294,WON_PREVIOUSLY,2024,2022
4:14e49af8-fc14-4210-8dc9-d25f8a635f68:705,4:14e49af8-fc14-4210-8dc9-d25f8a635f68:3295,WON_PREVIOUSLY,2022,2022
4:14e49af8-fc14-4210-8dc9-d25f8a635f68:706,4:14e49af8-fc14-4210-8dc9-d25f8a635f68:3295,WON_PREVIOUSLY,2023,2022
4:14e49af8-fc14-4210-8dc9-d25f8a635f68:707,4:14e49af8-fc14-4210-8dc9-d25f8a635f68:3295,WON_PREVIOUSLY,2024,2022
4:14e49af8-fc14-4210-8dc9-d25f8a635f68:724,4:14e49af8-fc14-4210-8dc9-d25f8a635f68:3295,WON_PREVIOUSLY,2021,2021
4:14e49af8-fc14-4210-8dc9-d25f8a635f68:725,4:14e49af8-fc14-4210-8dc9-d25f8a635f68:3295,WON_PREVIOUSLY,2022,2021
4:14e49af8-fc14-4210-8dc9-d25f8a635f68:726,4:14e49af8-fc14-4210-8dc9-d25f8a635f68:3295,WON_PREVIOUSLY,2023,2021
4:14e49af8-fc14-4210-8dc9-d25f8a635f68:727,4:14e49af8-fc14-4210-8dc9-d25f8a635f68:3295,WON_PREVIOUSLY,2024,2021
4:14e49af8-fc14-4210-8dc9-d25f8a635f68:765,4:14e49af8-fc14-4210-8dc9-d25f8a635f68:3295,WON_PREVIOUSLY,2023,2023
4:14e49af8-fc14-4210-8dc9-d25f8a635f68:766,4:14e49af8-fc14-4210-8dc9-d25f8a635f68:3295,WON_PREVIOUSLY,2024,2023
4:14e49af8-fc14-4210-8dc9-d25f8a635f68:782,4:14e49af8-fc14-4210-8dc9-d25f8a635f68:3295,WON_PREVIOUSLY,2020,2020
4:14e49af8-fc14-4210-8dc9-d25f8a635f68:783,4:14e49af8-fc14-4210-8dc9-d25f8a635f68:3295,WON_PREVIOUSLY,2021,2020
4:14e49af8-fc14-4210-8dc9-d25f8a635f68:784,4:14e49af8-fc14-4210-8dc9-d25f8a635f68:3295,WON_PREVIOUSLY,2022,2020
4:14e49af8-fc14-4210-8dc9-d25f8a635f68:785,4:14e49af8-fc14-4210-8dc9-d25f8a635f68:3295,WON_PREVIOUSLY,2023,2020
4:14e49af8-fc14-4210-8dc9-d25f8a635f68:786,4:14e49af8-fc14-4210-8dc9-d25f8a635f68:3295,WON_PREVIOUSLY,2024,2020
4:14e49af8-fc14-4210-8dc9-d25f8a635f68:800,4:14e49af8-fc14-4210-8dc9-d25f8a635f68:3295,WON_PREVIOUSLY,2024,2024
4:14e49af8-fc14-4210-8dc9-d25f8a635f68:812,4:14e49af8-fc14-4210-8dc9-d25f8a635f68:3296,WON_PREVIOUSLY,2021,2021
4:14e49af8-fc14-4210-8dc9-d25f8a635f68:813,4:14e49af8-fc14-4210-8dc9-d25f8a635f68:3296,WON_PREVIOUSLY,2022,2021
4:14e49af8-fc14-4210-8dc9-d25f8a635f68:814,4:14e49af8-fc14-4210-8dc9-d25f8a635f68:3296,WON_PREVIOUSLY,2023,2021
4:14e49af8-fc14-4210-8dc9-d25f8a635f68:815,4:14e49af8-fc14-4210-8dc9-d25f8a635f68:3296,WON_PREVIOUSLY,2024,2021
4:14e49af8-fc14-4210-8dc9-d25f8a635f68:816,4:14e49af8-fc14-4210-8dc9-d25f8a635f68:3296,WON_PREVIOUSLY,2020,2020
4:14e49af8-fc14-4210-8dc9-d25f8a635f68:817,4:14e49af8-fc14-4210-8dc9-d25f8a635f68:3296,WON_PREVIOUSLY,2021,2020
4:14e49af8-fc14-4210-8dc9-d25f8a635f68:818,4:14e49af8-fc14-4210-8dc9-d25f8a635f68:3296,WON_PREVIOUSLY,2022,2020
4:14e49af8-fc14-4210-8dc9-d25f8a635f68:819,4:14e49af8-fc14-4210-8dc9-d25f8a635f68:3296,WON_PREVIOUSLY,2023,2020
4:14e49af8-fc14-4210-8dc9-d25f8a635f68:820,4:14e49af8-fc14-4210-8dc9-d25f8a635f68:3296,WON_PREVIOUSLY,2024,2020
4:14e49af8-fc14-4210-8dc9-d25f8a635f68:941,4:14e49af8-fc14-4210-8dc9-d25f8a635f68:3296,WON_PREVIOUSLY,2022,2022
4:14e49af8-fc14-4210-8dc9-d25f8a635f68:942,4:14e49af8-fc14-4210-8dc9-d25f8a635f68:3296,WON_PREVIOUSLY,2024,2022
4:14e49af8-fc14-4210-8dc9-d25f8a635f68:1193,4:14e49af8-fc14-4210-8dc9-d25f8a635f68:3296,WON_PREVIOUSLY,2023,2023
4:14e49af8-fc14-4210-8dc9-d25f8a635f68:1194,4:14e49af8-fc14-4210-8dc9-d25f8a635f68:3296,WON_PREVIOUSLY,2024,2023
4:14e49af8-fc14-4210-8dc9-d25f8a635f68:1711,4:14e49af8-fc14-4210-8dc9-d25f8a635f68:3296,WON_PREVIOUSLY,2024,2024
4:14e49af8-fc14-4210-8dc9-d25f8a635f68:721,4:14e49af8-fc14-4210-8dc9-d25f8a635f68:3297,WON_PREVIOUSLY,2023,2023
4:14e49af8-fc14-4210-8dc9-d25f8a635f68:722,4:14e49af8-fc14-4210-8dc9-d25f8a635f68:3297,WON_PREVIOUSLY,2024,2023
4:14e49af8-fc14-4210-8dc9-d25f8a635f68:723,4:14e49af8-fc14-4210-8dc9-d25f8a635f68:3297,WON_PREVIOUSLY,2020,2020
4:14e49af8-fc14-4210-8dc9-d25f8a635f68:724,4:14e49af8-fc14-4210-8dc9-d25f8a635f68:3297,WON_PREVIOUSLY,2021,2020
4:14e49af8-fc14-4210-8dc9-d25f8a635f68:725,4:14e49af8-fc14-4210-8dc9-d25f8a635f68:3297,WON_PREVIOUSLY,2022,2020
4:14e49af8-fc14-4210-8dc9-d25f8a635f68:726,4:14e49af8-fc14-4210-8dc9-d25f8a635f68:3297,WON_PREVIOUSLY,2023,2020
4:14e49af8-fc14-4210-8dc9-d25f8a635f68:727,4:14e49af8-fc14-4210-8dc9-d25f8a635f68:3297,WON_PREVIOUSLY,2024,2020
4:14e49af8-fc14-4210-8dc9-d25f8a635f68:763,4:14e49af8-fc14-4210-8dc9-d25f8a635f68:3297,WON_PREVIOUSLY,2021,2021
4:14e49af8-fc14-4210-8dc9-d25f8a635f68:764,4:14e49af8-fc14-4210-8dc9-d25f8a635f68:3297,WON_PREVIOUSLY,2022,2021
4:14e49af8-fc14-4210-8dc9-d25f8a635f68:765,4:14e49af8-fc14-4210-8dc9-d25f8a635f68:3297,WON_PREVIOUSLY,2023,2021
4:14e49af8-fc14-4210-8dc9-d25f8a635f68:766,4:14e49af8-fc14-4210-8dc9-d25f8a635f68:3297,WON_PREVIOUSLY,2024,2021
4:14e49af8-fc14-4210-8dc9-d25f8a635f68:764,4:14e49af8-fc14-4210-8dc9-d25f8a635f68:3297,WON_PREVIOUSLY,2022,2022
4:14e49af8-fc14-4210-8dc9-d25f8a635f68:765,4:14e49af8-fc14-4210-8dc9-d25f8a635f68:3297,WON_PREVIOUSLY,2023,2022
4:14e49af8-fc14-4210-8dc9-d25f8a635f68:766,4:14e49af8-fc14-4210-8dc9-d25f8a635f68:3297,WON_PREVIOUSLY,2024,2022
4:14e49af8-fc14-4210-8dc9-d25f8a635f68:766,4:14e49af8-fc14-4210-8dc9-d25f8a635f68:3297,WON_PREVIOUSLY,2024,2024
4:14e49af8-fc14-4210-8dc9-d25f8a635f68:2526,4:14e49af8-fc14-4210-8dc9-d25f8a635f68:3298,WON_PREVIOUSLY,2023,2023
4:14e49af8-fc14-4210-8dc9-d25f8a635f68:2527,4:14e49af8-fc14-4210-8dc9-d25f8a635f68:3298,WON_PREVIOUSLY,2024,2023
4:14e49af8-fc14-4210-8dc9-d25f8a635f68:2653,4:14e49af8-fc14-4210-8dc9-d25f8a635f68:3298,WON_PREVIOUSLY,2024,2024
4:14e49af8-fc14-4210-8dc9-d25f8a635f68:939,4:14e49af8-fc14-4210-8dc9-d25f8a635f68:3298,WON_PREVIOUSLY,2020,2020
4:14e49af8-fc14-4210-8dc9-d25f8a635f68:940,4:14e49af8-fc14-4210-8dc9-d25f8a635f68:3298,WON_PREVIOUSLY,2021,2020
4:14e49af8-fc14-4210-8dc9-d25f8a635f68:941,4:14e49af8-fc14-4210-8dc9-d25f8a635f68:3298,WON_PREVIOUSLY,2022,2020
4:14e49af8-fc14-4210-8dc9-d25f8a635f68:942,4:14e49af8-fc14-4210-8dc9-d25f8a635f68:3298,WON_PREVIOUSLY,2024,2020
4:14e49af8-fc14-4210-8dc9-d25f8a635f68:1059,4:14e49af8-fc14-4210-8dc9-d25f8a635f68:3298,WON_PREVIOUSLY,2021,2021
4:14e49af8-fc14-4210-8dc9-d25f8a635f68:1060,4:14e49af8-fc14-4210-8dc9-d25f8a635f68:3298,WON_PREVIOUSLY,2022,2021
4:14e49af8-fc14-4210-8dc9-d25f8a635f68:1061,4:14e49af8-fc14-4210-8dc9-d25f8a635f68:3298,WON_PREVIOUSLY,2023,2021
4:14e49af8-fc14-4210-8dc9-d25f8a635f68:1062,4:14e49af8-fc14-4210-8dc9-d25f8a635f68:3298,WON_PREVIOUSLY,2024,2021
4:14e49af8-fc14-4210-8dc9-d25f8a635f68:2326,4:14e49af8-fc14-4210-8dc9-d25f8a635f68:3298,WON_PREVIOUSLY,2022,2022
4:14e49af8-fc14-4210-8dc9-d25f8a635f68:2327,4:14e49af8-fc14-4210-8dc9-d25f8a635f68:3298,WON_PREVIOUSLY,2023,2022
4:14e49af8-fc14-4210-8dc9-d25f8a635f68:2328,4:14e49af8-fc14-4210-8dc9-d25f8a635f68:3298,WON_PREVIOUSLY,2024,2022
4:14e49af8-fc14-4210-8dc9-d25f8a635f68:878,4:14e49af8-fc14-4210-8dc9-d25f8a635f68:3299,WON_PREVIOUSLY,2023,2023
4:14e49af8-fc14-4210-8dc9-d25f8a635f68:879,4:14e49af8-fc14-4210-8dc9-d25f8a635f68:3299,WON_PREVIOUSLY,2024,2023
4:14e49af8-fc14-4210-8dc9-d25f8a635f68:968,4:14e49af8-fc14-4210-8dc9-d25f8a635f68:3299,WON_PREVIOUSLY,2021,2021
4:14e49af8-fc14-4210-8dc9-d25f8a635f68:969,4:14e49af8-fc14-4210-8dc9-d25f8a635f68:3299,WON_PREVIOUSLY,2022,2021
4:14e49af8-fc14-4210-8dc9-d25f8a635f68:970,4:14e49af8-fc14-4210-8dc9-d25f8a635f68:3299,WON_PREVIOUSLY,2023,2021
4:14e49af8-fc14-4210-8dc9-d25f8a635f68:971,4:14e49af8-fc14-4210-8dc9-d25f8a635f68:3299,WON_PREVIOUSLY,2024,2021
4:14e49af8-fc14-4210-8dc9-d25f8a635f68:1099,4:14e49af8-fc14-4210-8dc9-d25f8a635f68:3299,WON_PREVIOUSLY,2022,2022
4:14e49af8-fc14-4210-8dc9-d25f8a635f68:1100,4:14e49af8-fc14-4210-8dc9-d25f8a635f68:3299,WON_PREVIOUSLY,2023,2022
4:14e49af8-fc14-4210-8dc9-d25f8a635f68:1101,4:14e49af8-fc14-4210-8dc9-d25f8a635f68:3299,WON_PREVIOUSLY,2024,2022
4:14e49af8-fc14-4210-8dc9-d25f8a635f68:1207,4:14e49af8-fc14-4210-8dc9-d25f8a635f68:3299,WON_PREVIOUSLY,2020,2020
4:14e49af8-fc14-4210-8dc9-d25f8a635f68:1208,4:14e49af8-fc14-4210-8dc9-d25f8a635f68:3299,WON_PREVIOUSLY,2021,2020
4:14e49af8-fc14-4210-8dc9-d25f8a635f68:1209,4:14e49af8-fc14-4210-8dc9-d25f8a635f68:3299,WON_PREVIOUSLY,2022,2020
4:14e49af8-fc14-4210-8dc9-d25f8a635f68:1407,4:14e49af8-fc14-4210-8dc9-d25f8a635f68:3299,WON_PREVIOUSLY,2024,2024
4:14e49af8-fc14-4210-8dc9-d25f8a635f68:714,4:14e49af8-fc14-4210-8dc9-d25f8a635f68:3300,WON_PREVIOUSLY,2021,2021
4:14e49af8-fc14-4210-8dc9-d25f8a635f68:715,4:14e49af8-fc14-4210-8dc9-d25f8a635f68:3300,WON_PREVIOUSLY,2022,2021
4:14e49af8-fc14-4210-8dc9-d25f8a635f68:716,4:14e49af8-fc14-4210-8dc9-d25f8a635f68:3300,WON_PREVIOUSLY,2023,2021
4:14e49af8-fc14-4210-8dc9-d25f8a635f68:717,4:14e49af8-fc14-4210-8dc9-d25f8a635f68:3300,WON_PREVIOUSLY,2024,2021
4:14e49af8-fc14-4210-8dc9-d25f8a635f68:976,4:14e49af8-fc14-4210-8dc9-d25f8a635f68:3300,WON_PREVIOUSLY,2020,2020
4:14e49af8-fc14-4210-8dc9-d25f8a635f68:977,4:14e49af8-fc14-4210-8dc9-d25f8a635f68:3300,WON_PREVIOUSLY,2021,2020
4:14e49af8-fc14-4210-8dc9-d25f8a635f68:978,4:14e49af8-fc14-4210-8dc9-d25f8a635f68:3300,WON_PREVIOUSLY,2022,2020
4:14e49af8-fc14-4210-8dc9-d25f8a635f68:979,4:14e49af8-fc14-4210-8dc9-d25f8a635f68:3300,WON_PREVIOUSLY,2023,2020
4:14e49af8-fc14-4210-8dc9-d25f8a635f68:980,4:14e49af8-fc14-4210-8dc9-d25f8a635f68:3300,WON_PREVIOUSLY,2024,2020
4:14e49af8-fc14-4210-8dc9-d25f8a635f68:978,4:14e49af8-fc14-4210-8dc9-d25f8a635f68:3300,WON_PREVIOUSLY,2022,2022
4:14e49af8-fc14-4210-8dc9-d25f8a635f68:979,4:14e49af8-fc14-4210-8dc9-d25f8a635f68:3300,WON_PREVIOUSLY,2023,2022
4:14e49af8-fc14-4210-8dc9-d25f8a635f68:980,4:14e49af8-fc14-4210-8dc9-d25f8a635f68:3300,WON_PREVIOUSLY,2024,2022
4:14e49af8-fc14-4210-8dc9-d25f8a635f68:979,4:14e49af8-fc14-4210-8dc9-d25f8a635f68:3300,WON_PREVIOUSLY,2023,2023
4:14e49af8-fc14-4210-8dc9-d25f8a635f68:980,4:14e49af8-fc14-4210-8dc9-d25f8a635f68:3300,WON_PREVIOUSLY,2024,2023
4:14e49af8-fc14-4210-8dc9-d25f8a635f68:1047,4:14e49af8-fc14-4210-8dc9-d25f8a635f68:3300,WON_PREVIOUSLY,2024,2024
4:14e49af8-fc14-4210-8dc9-d25f8a635f68:2735,4:14e49af8-fc14-4210-8dc9-d25f8a635f68:3301,WON_PREVIOUSLY,2023,2023
4:14e49af8-fc14-4210-8dc9-d25f8a635f68:754,4:14e49af8-fc14-4210-8dc9-d25f8a635f68:3302,WON_PREVIOUSLY,2022,2022
4:14e49af8-fc14-4210-8dc9-d25f8a635f68:755,4:14e49af8-fc14-4210-8dc9-d25f8a635f68:3302,WON_PREVIOUSLY,2023,2022
4:14e49af8-fc14-4210-8dc9-d25f8a635f68:756,4:14e49af8-fc14-4210-8dc9-d25f8a635f68:3302,WON_PREVIOUSLY,2024,2022
4:14e49af8-fc14-4210-8dc9-d25f8a635f68:800,4:14e49af8-fc14-4210-8dc9-d25f8a635f68:3302,WON_PREVIOUSLY,2024,2024
4:14e49af8-fc14-4210-8dc9-d25f8a635f68:864,4:14e49af8-fc14-4210-8dc9-d25f8a635f68:3302,WON_PREVIOUSLY,2023,2023
4:14e49af8-fc14-4210-8dc9-d25f8a635f68:865,4:14e49af8-fc14-4210-8dc9-d25f8a635f68:3302,WON_PREVIOUSLY,2024,2023
4:14e49af8-fc14-4210-8dc9-d25f8a635f68:705,4:14e49af8-fc14-4210-8dc9-d25f8a635f68:3303,WON_PREVIOUSLY,2022,2022
4:14e49af8-fc14-4210-8dc9-d25f8a635f68:706,4:14e49af8-fc14-4210-8dc9-d25f8a635f68:3303,WON_PREVIOUSLY,2023,2022
4:14e49af8-fc14-4210-8dc9-d25f8a635f68:707,4:14e49af8-fc14-4210-8dc9-d25f8a635f68:3303,WON_PREVIOUSLY,2024,2022
4:14e49af8-fc14-4210-8dc9-d25f8a635f68:732,4:14e49af8-fc14-4210-8dc9-d25f8a635f68:3303,WON_PREVIOUSLY,2024,2024
4:14e49af8-fc14-4210-8dc9-d25f8a635f68:765,4:14e49af8-fc14-4210-8dc9-d25f8a635f68:3303,WON_PREVIOUSLY,2023,2023
4:14e49af8-fc14-4210-8dc9-d25f8a635f68:766,4:14e49af8-fc14-4210-8dc9-d25f8a635f68:3303,WON_PREVIOUSLY,2024,2023
4:14e49af8-fc14-4210-8dc9-d25f8a635f68:707,4:14e49af8-fc14-4210-8dc9-d25f8a635f68:3304,WON_PREVIOUSLY,2024,2024
4:14e49af8-fc14-4210-8dc9-d25f8a635f68:780,4:14e49af8-fc14-4210-8dc9-d25f8a635f68:3304,WON_PREVIOUSLY,2023,2023
4:14e49af8-fc14-4210-8dc9-d25f8a635f68:781,4:14e49af8-fc14-4210-8dc9-d25f8a635f68:3304,WON_PREVIOUSLY,2024,2023
4:14e49af8-fc14-4210-8dc9-d25f8a635f68:727,4:14e49af8-fc14-4210-8dc9-d25f8a635f68:3305,WON_PREVIOUSLY,2024,2024
4:14e49af8-fc14-4210-8dc9-d25f8a635f68:746,4:14e49af8-fc14-4210-8dc9-d25f8a635f68:3305,WON_PREVIOUSLY,2024,2024
4:14e49af8-fc14-4210-8dc9-d25f8a635f68:786,4:14e49af8-fc14-4210-8dc9-d25f8a635f68:3305,WON_PREVIOUSLY,2024,2024
4:14e49af8-fc14-4210-8dc9-d25f8a635f68:855,4:14e49af8-fc14-4210-8dc9-d25f8a635f68:3305,WON_PREVIOUSLY,2024,2024
4:14e49af8-fc14-4210-8dc9-d25f8a635f68:1243,4:14e49af8-fc14-4210-8dc9-d25f8a635f68:3305,WON_PREVIOUSLY,2024,2024
4:14e49af8-fc14-4210-8dc9-d25f8a635f68:786,4:14e49af8-fc14-4210-8dc9-d25f8a635f68:3306,WON_PREVIOUSLY,2024,2024